Nr. ,Name ,Wahlbe rechtigte,abgegeb. Stimmen,Wahlbet. in %,ungültige Stimmen,ungültige in %,gültige Stimmen,gültige in %,SPÖ Stimmen,SPÖ Ant. %,ÖVP Stimmen,ÖVP Ant. %,GRÜNE Stimmen,GRÜNE Ant. %,FPÖ Stimmen,FPÖ Ant. %,BZÖ Stimmen,BZÖ Ant. %,RETTÖ Stimmen,RETTÖ Ant. %,LIF Stimmen,LIF Ant. %,KPÖ Stimmen,KPÖ Ant. %,DC Stimmen,DC Ant. %,LINKE Stimmen,LINKE Ant. %,FRITZ Stimmen,FRITZ Ant. %,erste Eingabe Datum, Zeit,letzte Eingabe Datum, Zeit
40000,Land Oberösterreich,1088438,892455,81.99,24677,2.77,867778,97.23,264315,30.46,232153,26.75,85970,9.91,165139,19.03,78901,9.09,8162,0.94,11437,1.32,5386,0.62,7361,0.85,359,0.04,8595,0.99,9-28-08,19:32:11,10-06-08,18:54:34
40099,Wahlkarten Oberösterreich,0,48,0.00,48,100.00,0,0.00,0,0.00,0,0.00,0,0.00,0,0.00,0,0.00,0,0.00,0,0.00,0,0.00,0,0.00,0,0.00,0,0.00,10-01-08,12:34:29,10-01-08,12:34:29
4A000,Wahlkreis Linz und Umgebung,245598,194043,79.01,3690,1.90,190353,98.10,71676,37.65,34969,18.37,23588,12.39,34949,18.36,15481,8.13,1655,0.87,3680,1.93,1451,0.76,1171,0.62,108,0.06,1625,0.85,9-28-08,19:19:59,10-06-08,18:54:34
4A099,Wahlkarten Linz und Umgebung,0,3549,0.00,54,1.52,3495,98.48,899,25.72,826,23.63,754,21.57,468,13.39,282,8.07,21,0.60,157,4.49,28,0.80,16,0.46,1,0.03,43,1.23,10-01-08,12:36:17,10-01-08,12:36:17
4B000,Wahlkreis Innviertel,165085,130511,79.06,4115,3.15,126396,96.85,29720,23.51,40590,32.11,9734,7.70,28801,22.79,12047,9.53,1469,1.16,1069,0.85,613,0.48,955,0.76,48,0.04,1350,1.07,9-28-08,19:01:55,10-06-08,15:49:29
4B099,Wahlkarten Innviertel,0,1043,0.00,26,2.49,1017,97.51,137,13.47,302,29.70,282,27.73,115,11.31,104,10.23,11,1.08,36,3.54,8,0.79,10,0.98,2,0.20,10,0.98,10-01-08,12:37:24,10-01-08,12:37:24
4C000,Wahlkreis Hausruckviertel,266391,220102,82.62,6321,2.87,213781,97.13,61132,28.60,56972,26.65,19743,9.24,45644,21.35,20324,9.51,2034,0.95,2535,1.19,1215,0.57,2009,0.94,73,0.03,2100,0.98,9-28-08,19:30:23,10-06-08,15:45:36
4C099,Wahlkarten Hausruckviertel,0,2170,0.00,36,1.66,2134,98.34,413,19.35,579,27.13,527,24.70,284,13.31,174,8.15,17,0.80,85,3.98,12,0.56,16,0.75,1,0.05,26,1.22,10-01-08,12:38:19,10-01-08,12:38:19
4D000,Wahlkreis Traunviertel,197634,163130,82.54,4404,2.70,158726,97.30,52620,33.15,39792,25.07,15345,9.67,26902,16.95,15979,10.07,1514,0.95,2088,1.32,1117,0.70,1481,0.93,56,0.04,1832,1.15,9-28-08,19:32:11,10-06-08,16:14:21
4D099,Wahlkarten Traunviertel,0,1813,0.00,28,1.54,1785,98.46,351,19.66,450,25.21,446,24.99,216,12.10,178,9.97,12,0.67,69,3.87,18,1.01,21,1.18,2,0.11,22,1.23,10-01-08,12:39:16,10-01-08,12:39:16
4E000,Wahlkreis Mühlviertel,213730,184621,86.38,6099,3.30,178522,96.70,49167,27.54,59830,33.51,17560,9.84,28843,16.16,15070,8.44,1490,0.83,2065,1.16,990,0.55,1745,0.98,74,0.04,1688,0.95,9-28-08,19:09:11,10-06-08,15:54:38
4E099,Wahlkarten Mühlviertel,0,2020,0.00,56,2.77,1964,97.23,472,24.03,504,25.66,467,23.78,229,11.66,131,6.67,19,0.97,69,3.51,26,1.32,19,0.97,2,0.10,26,1.32,10-01-08,12:40:24,10-01-08,12:40:24
40100,Stadt Linz,142125,105490,74.22,1843,1.75,103647,98.25,40297,38.88,17101,16.50,14361,13.86,18457,17.81,7824,7.55,834,0.80,2293,2.21,962,0.93,580,0.56,73,0.07,865,0.83,9-28-08,19:07:23,10-06-08,18:54:34
40101,Linz,142125,96209,67.69,1713,1.78,94496,98.22,37496,39.68,14890,15.76,12599,13.33,17328,18.34,7232,7.65,754,0.80,1946,2.06,880,0.93,521,0.55,62,0.07,788,0.83,9-28-08,19:07:23,10-06-08,18:54:34
40199,Wahlkarten Linz,0,9281,0.00,130,1.40,9151,98.60,2801,30.61,2211,24.16,1762,19.25,1129,12.34,592,6.47,80,0.87,347,3.79,82,0.90,59,0.64,11,0.12,77,0.84,9-30-08,17:54:48,10-06-08,18:42:37
40200,Stadt Steyr                         ,28962,22172,76.56,446,2.01,21726,97.99,9406,43.29,3108,14.31,2213,10.19,3975,18.30,1979,9.11,187,0.86,362,1.67,172,0.79,111,0.51,10,0.05,203,0.93,9-28-08,17:55:39,10-06-08,14:29:10
40201,Steyr             ,28962,20765,71.70,430,2.07,20335,97.93,8937,43.95,2771,13.63,1989,9.78,3828,18.82,1872,9.21,170,0.84,301,1.48,163,0.80,103,0.51,9,0.04,192,0.94,9-28-08,17:55:39,10-01-08,8:37:39
40299,Wahlkarten Steyr                         ,0,1407,0.00,16,1.14,1391,98.86,469,33.72,337,24.23,224,16.10,147,10.57,107,7.69,17,1.22,61,4.39,9,0.65,8,0.58,1,0.07,11,0.79,9-30-08,19:42:44,10-06-08,14:29:10
40300,Stadt Wels                          ,40994,30856,75.27,543,1.76,30313,98.24,10846,35.78,5163,17.03,3325,10.97,6480,21.38,3135,10.34,183,0.60,526,1.74,218,0.72,189,0.62,13,0.04,235,0.78,9-28-08,18:00:27,10-06-08,15:19:12
40301,Wels,40994,28803,70.26,515,1.79,28288,98.21,10280,36.34,4628,16.36,2984,10.55,6186,21.87,2967,10.49,170,0.60,458,1.62,208,0.74,180,0.64,13,0.05,214,0.76,9-28-08,18:00:27,9-30-08,16:21:21
40399,Wahlkarten Wels                          ,0,2053,0.00,28,1.36,2025,98.64,566,27.95,535,26.42,341,16.84,294,14.52,168,8.30,13,0.64,68,3.36,10,0.49,9,0.44,0,0.00,21,1.04,9-30-08,15:05:38,10-06-08,15:19:12
40400,Bezirk Braunau am Inn                ,74829,56828,75.94,1871,3.29,54957,96.71,14130,25.71,16235,29.54,4338,7.89,11804,21.48,6034,10.98,653,1.19,491,0.89,265,0.48,376,0.68,24,0.04,607,1.10,9-28-08,18:59:27,10-06-08,13:53:46
40401,Altheim                       ,3873,2892,74.67,82,2.84,2810,97.16,860,30.60,630,22.42,169,6.01,735,26.16,305,10.85,32,1.14,17,0.60,3,0.11,30,1.07,2,0.07,27,0.96,9-28-08,17:28:37,9-28-08,17:28:37
40402,Aspach                        ,1869,1390,74.37,44,3.17,1346,96.83,250,18.57,566,42.05,59,4.38,302,22.44,105,7.80,16,1.19,16,1.19,2,0.15,11,0.82,1,0.07,18,1.34,9-28-08,15:07:42,9-28-08,15:07:42
40403,Auerbach                      ,411,310,75.43,9,2.90,301,97.10,38,12.62,129,42.86,27,8.97,75,24.92,21,6.98,2,0.66,1,0.33,0,0.00,5,1.66,0,0.00,3,1.00,9-28-08,12:55:06,9-28-08,12:55:06
40404,Braunau am Inn                ,12539,8091,64.53,190,2.35,7901,97.65,2723,34.46,1291,16.34,859,10.87,1836,23.24,836,10.58,101,1.28,81,1.03,53,0.67,44,0.56,1,0.01,76,0.96,9-28-08,18:59:27,9-28-08,18:59:27
40405,Burgkirchen                   ,2036,1477,72.54,53,3.59,1424,96.41,307,21.56,527,37.01,115,8.08,269,18.89,162,11.38,13,0.91,13,0.91,5,0.35,2,0.14,0,0.00,11,0.77,9-28-08,15:12:15,9-28-08,15:12:15
40406,Eggelsberg                    ,1670,1096,65.63,61,5.57,1035,94.43,218,21.06,336,32.46,82,7.92,191,18.45,150,14.49,19,1.84,10,0.97,8,0.77,6,0.58,0,0.00,15,1.45,9-28-08,15:31:48,9-28-08,15:31:48
40407,Feldkirchen bei Mattighofen   ,1499,1106,73.78,32,2.89,1074,97.11,180,16.76,400,37.24,70,6.52,245,22.81,134,12.48,12,1.12,2,0.19,5,0.47,11,1.02,1,0.09,14,1.30,9-28-08,16:13:26,9-28-08,16:13:26
40408,Franking                      ,670,493,73.58,23,4.67,470,95.33,70,14.89,185,39.36,28,5.96,111,23.62,44,9.36,2,0.43,10,2.13,4,0.85,2,0.43,0,0.00,14,2.98,9-28-08,13:54:38,9-28-08,13:54:38
40409,Geretsberg                    ,820,551,67.20,26,4.72,525,95.28,98,18.67,209,39.81,41,7.81,107,20.38,51,9.71,3,0.57,2,0.38,2,0.38,3,0.57,0,0.00,9,1.71,9-28-08,14:07:35,9-28-08,14:07:35
40410,Gilgenberg am Weilhart        ,978,670,68.51,22,3.28,648,96.72,92,14.20,275,42.44,25,3.86,125,19.29,107,16.51,6,0.93,4,0.62,5,0.77,1,0.15,0,0.00,8,1.23,9-28-08,17:05:02,9-28-08,17:05:02
40411,Haigermoos                    ,480,340,70.83,9,2.65,331,97.35,56,16.92,136,41.09,32,9.67,71,21.45,24,7.25,2,0.60,3,0.91,0,0.00,1,0.30,0,0.00,6,1.81,9-28-08,13:51:54,9-28-08,13:51:54
40412,Handenberg                    ,1033,743,71.93,25,3.36,718,96.64,123,17.13,318,44.29,32,4.46,125,17.41,84,11.70,8,1.11,0,0.00,6,0.84,15,2.09,0,0.00,7,0.97,9-28-08,15:54:25,9-28-08,15:54:25
40413,Helpfau-Uttendorf             ,2406,1714,71.24,72,4.20,1642,95.80,426,25.94,489,29.78,84,5.12,400,24.36,183,11.14,17,1.04,14,0.85,8,0.49,5,0.30,3,0.18,13,0.79,9-28-08,15:54:55,9-28-08,15:54:55
40414,Hochburg-Ach                  ,2268,1514,66.75,55,3.63,1459,96.37,285,19.53,572,39.20,119,8.16,243,16.66,170,11.65,24,1.64,13,0.89,11,0.75,7,0.48,1,0.07,14,0.96,9-28-08,16:48:25,9-28-08,16:48:25
40415,Höhnhart                      ,1117,796,71.26,30,3.77,766,96.23,172,22.45,282,36.81,29,3.79,195,25.46,66,8.62,3,0.39,1,0.13,4,0.52,9,1.17,1,0.13,4,0.52,9-28-08,15:13:33,9-28-08,15:13:33
40416,Jeging,483,390,80.75,11,2.82,379,97.18,106,27.97,116,30.61,12,3.17,79,20.84,45,11.87,5,1.32,2,0.53,5,1.32,3,0.79,0,0.00,6,1.58,9-28-08,13:42:40,9-28-08,13:42:40
40417,Kirchberg bei Mattighofen     ,860,667,77.56,25,3.75,642,96.25,81,12.62,252,39.25,40,6.23,155,24.14,86,13.40,3,0.47,5,0.78,5,0.78,5,0.78,0,0.00,10,1.56,9-28-08,15:38:42,9-28-08,15:38:42
40418,Lengau                        ,3422,2553,74.61,115,4.50,2438,95.50,804,32.98,512,21.00,177,7.26,550,22.56,288,11.81,31,1.27,23,0.94,13,0.53,17,0.70,1,0.04,22,0.90,9-28-08,16:18:01,9-28-08,16:18:01
40419,Lochen                        ,1931,1446,74.88,53,3.67,1393,96.33,220,15.79,523,37.54,109,7.82,291,20.89,187,13.42,16,1.15,15,1.08,6,0.43,10,0.72,0,0.00,16,1.15,9-28-08,14:54:05,9-28-08,14:54:05
40420,Maria Schmolln                ,1111,823,74.08,37,4.50,786,95.50,155,19.72,330,41.98,52,6.62,144,18.32,75,9.54,6,0.76,2,0.25,3,0.38,13,1.65,1,0.13,5,0.64,9-28-08,14:14:23,9-28-08,14:14:23
40421,Mattighofen                   ,3662,2512,68.60,54,2.15,2458,97.85,951,38.69,437,17.78,196,7.97,499,20.30,277,11.27,23,0.94,20,0.81,16,0.65,17,0.69,1,0.04,21,0.85,9-28-08,16:53:58,9-28-08,16:53:58
40422,Mauerkirchen                  ,1638,1100,67.16,28,2.55,1072,97.45,337,31.44,236,22.01,70,6.53,283,26.40,102,9.51,11,1.03,12,1.12,6,0.56,7,0.65,0,0.00,8,0.75,9-28-08,16:48:36,9-28-08,16:48:36
40423,Mining                        ,933,701,75.13,29,4.14,672,95.86,153,22.77,233,34.67,62,9.23,132,19.64,70,10.42,6,0.89,8,1.19,1,0.15,2,0.30,0,0.00,5,0.74,9-28-08,16:07:27,9-28-08,16:07:27
40424,Moosbach                      ,737,534,72.46,19,3.56,515,96.44,61,11.84,176,34.17,24,4.66,174,33.79,63,12.23,9,1.75,2,0.39,0,0.00,1,0.19,0,0.00,5,0.97,9-28-08,14:12:40,9-28-08,14:12:40
40425,Moosdorf                      ,1211,842,69.53,46,5.46,796,94.54,267,33.54,202,25.38,62,7.79,158,19.85,70,8.79,7,0.88,5,0.63,6,0.75,6,0.75,0,0.00,13,1.63,9-28-08,14:04:00,9-28-08,14:04:00
40426,Munderfing                    ,2072,1547,74.66,57,3.68,1490,96.32,435,29.19,458,30.74,95,6.38,265,17.79,165,11.07,26,1.74,15,1.01,4,0.27,9,0.60,1,0.07,17,1.14,9-28-08,14:28:02,9-28-08,14:28:02
40427,Neukirchen an der Enknach     ,1680,1225,72.92,27,2.20,1198,97.80,247,20.62,382,31.89,78,6.51,294,24.54,134,11.19,22,1.84,7,0.58,5,0.42,15,1.25,0,0.00,14,1.17,9-28-08,14:21:33,9-28-08,14:21:33
40428,Ostermiething                 ,2341,1513,64.63,60,3.97,1453,96.03,313,21.54,486,33.45,112,7.71,269,18.51,203,13.97,19,1.31,9,0.62,3,0.21,9,0.62,0,0.00,30,2.06,9-28-08,15:39:10,9-28-08,15:39:10
40429,Palting                       ,725,541,74.62,15,2.77,526,97.23,92,17.49,224,42.59,42,7.98,86,16.35,64,12.17,8,1.52,3,0.57,0,0.00,3,0.57,0,0.00,4,0.76,9-28-08,13:28:57,9-28-08,13:28:57
40430,Perwang am Grabensee          ,624,477,76.44,14,2.94,463,97.06,89,19.22,162,34.99,35,7.56,94,20.30,60,12.96,3,0.65,9,1.94,5,1.08,2,0.43,0,0.00,4,0.86,9-28-08,13:48:44,9-28-08,13:48:44
40431,Pfaffstätt                    ,752,547,72.74,16,2.93,531,97.07,139,26.18,152,28.63,28,5.27,100,18.83,85,16.01,7,1.32,6,1.13,2,0.38,4,0.75,0,0.00,8,1.51,9-28-08,13:27:31,9-28-08,13:27:31
40432,Pischelsdorf am Engelbach     ,1264,935,73.97,30,3.21,905,96.79,133,14.70,374,41.33,37,4.09,226,24.97,101,11.16,7,0.77,8,0.88,3,0.33,6,0.66,0,0.00,10,1.10,9-28-08,16:02:40,9-28-08,16:02:40
40433,Polling im Innkreis           ,716,556,77.65,17,3.06,539,96.94,136,25.23,206,38.22,18,3.34,123,22.82,32,5.94,5,0.93,3,0.56,3,0.56,2,0.37,1,0.19,10,1.86,9-28-08,13:43:29,9-28-08,13:43:29
40434,Roßbach                       ,772,595,77.07,25,4.20,570,95.80,152,26.67,211,37.02,14,2.46,141,24.74,37,6.49,6,1.05,1,0.18,2,0.35,2,0.35,0,0.00,4,0.70,9-28-08,13:08:40,9-28-08,13:08:40
40435,St.Georgen am Fillmannsbach   ,312,251,80.45,9,3.59,242,96.41,23,9.50,70,28.93,7,2.89,99,40.91,34,14.05,2,0.83,1,0.41,1,0.41,5,2.07,0,0.00,0,0.00,9-28-08,15:10:41,9-28-08,15:10:41
40436,St.Johann am Walde            ,1696,1275,75.18,67,5.25,1208,94.75,385,31.87,343,28.39,77,6.37,245,20.28,121,10.02,8,0.66,1,0.08,4,0.33,10,0.83,0,0.00,14,1.16,9-28-08,14:03:27,9-28-08,14:03:27
40437,St.Pantaleon                  ,2346,1652,70.42,50,3.03,1602,96.97,533,33.27,375,23.41,139,8.68,318,19.85,165,10.30,24,1.50,15,0.94,10,0.62,8,0.50,0,0.00,15,0.94,9-28-08,17:29:15,9-28-08,17:29:15
40438,St.Peter am Hart              ,1845,1299,70.41,59,4.54,1240,95.46,336,27.10,341,27.50,114,9.19,264,21.29,132,10.65,17,1.37,15,1.21,5,0.40,6,0.48,0,0.00,10,0.81,9-28-08,15:28:31,9-28-08,15:28:31
40439,St.Radegund                   ,465,359,77.20,12,3.34,347,96.66,33,9.51,205,59.08,28,8.07,26,7.49,38,10.95,4,1.15,5,1.44,3,0.86,2,0.58,1,0.29,2,0.58,9-28-08,14:07:21,9-28-08,14:07:21
40440,St.Veit im Innkreis           ,331,264,79.76,5,1.89,259,98.11,71,27.41,82,31.66,6,2.32,73,28.19,20,7.72,1,0.39,2,0.77,0,0.00,2,0.77,0,0.00,2,0.77,9-28-08,12:47:04,9-28-08,12:47:04
40441,Schalchen                     ,2815,2000,71.05,67,3.35,1933,96.65,597,30.88,435,22.50,165,8.54,388,20.07,256,13.24,19,0.98,23,1.19,13,0.67,14,0.72,0,0.00,23,1.19,9-28-08,16:49:11,9-28-08,16:49:11
40442,Schwand im Innkreis           ,681,517,75.92,12,2.32,505,97.68,75,14.85,222,43.96,31,6.14,110,21.78,49,9.70,6,1.19,1,0.20,3,0.59,3,0.59,1,0.20,4,0.79,9-28-08,14:54:45,9-28-08,14:54:45
40443,Tarsdorf                      ,1578,1062,67.30,52,4.90,1010,95.10,144,14.26,396,39.21,85,8.42,210,20.79,128,12.67,11,1.09,10,0.99,3,0.30,9,0.89,0,0.00,14,1.39,9-28-08,16:39:02,9-28-08,16:39:02
40444,Treubach                      ,597,445,74.54,14,3.15,431,96.85,56,12.99,204,47.33,11,2.55,100,23.20,48,11.14,1,0.23,1,0.23,1,0.23,7,1.62,0,0.00,2,0.46,9-28-08,13:24:43,9-28-08,13:24:43
40445,Überackern                    ,445,297,66.74,4,1.35,293,98.65,76,25.94,92,31.40,12,4.10,69,23.55,34,11.60,2,0.68,4,1.37,3,1.02,1,0.34,0,0.00,0,0.00,9-28-08,14:08:01,9-28-08,14:08:01
40446,Weng im Innkreis              ,1115,816,73.18,32,3.92,784,96.08,154,19.64,271,34.57,28,3.57,230,29.34,71,9.06,10,1.28,1,0.13,1,0.13,5,0.64,1,0.13,12,1.53,9-28-08,14:46:22,9-28-08,14:46:22
40499,Wahlkarten Braunau am Inn                ,0,3904,0.00,77,1.97,3827,98.03,878,22.94,1182,30.89,601,15.70,579,15.13,352,9.20,68,1.78,70,1.83,14,0.37,19,0.50,6,0.16,58,1.52,9-30-08,10:47:36,10-06-08,13:53:46
40500,Bezirk Eferding                      ,24923,21031,84.38,563,2.68,20468,97.32,6201,30.30,5765,28.17,1767,8.63,4115,20.10,1795,8.77,201,0.98,198,0.97,93,0.45,141,0.69,11,0.05,181,0.88,9-28-08,18:53:49,10-06-08,15:38:51
40501,Alkoven                       ,4224,3360,79.55,84,2.50,3276,97.50,1319,40.26,699,21.34,301,9.19,541,16.51,296,9.04,24,0.73,30,0.92,20,0.61,20,0.61,4,0.12,22,0.67,9-28-08,17:18:20,9-28-08,17:18:20
40502,Aschach an der Donau          ,1692,1359,80.32,22,1.62,1337,98.38,451,33.73,267,19.97,149,11.14,318,23.78,111,8.30,14,1.05,9,0.67,5,0.37,5,0.37,0,0.00,8,0.60,9-28-08,16:41:12,9-28-08,18:57:06
40503,Eferding                      ,2751,2016,73.28,57,2.83,1959,97.17,648,33.08,479,24.45,188,9.60,404,20.62,167,8.52,12,0.61,28,1.43,11,0.56,8,0.41,0,0.00,14,0.71,9-28-08,17:38:26,9-28-08,17:54:56
40504,Fraham                        ,1704,1380,80.99,30,2.17,1350,97.83,468,34.67,317,23.48,105,7.78,286,21.19,122,9.04,12,0.89,17,1.26,6,0.44,7,0.52,0,0.00,10,0.74,9-28-08,18:53:49,9-28-08,18:53:49
40505,Haibach ob der Donau          ,1068,852,79.78,28,3.29,824,96.71,234,28.40,300,36.41,71,8.62,119,14.44,65,7.89,13,1.58,6,0.73,4,0.49,2,0.24,1,0.12,9,1.09,9-28-08,15:34:59,9-28-08,15:34:59
40506,Hartkirchen                   ,3398,2798,82.34,95,3.40,2703,96.60,673,24.90,810,29.97,211,7.81,643,23.79,255,9.43,35,1.29,16,0.59,12,0.44,10,0.37,3,0.11,35,1.29,9-28-08,16:52:37,9-28-08,16:52:37
40507,Hinzenbach                    ,1529,1291,84.43,25,1.94,1266,98.06,418,33.02,384,30.33,72,5.69,249,19.67,103,8.14,6,0.47,11,0.87,1,0.08,13,1.03,0,0.00,9,0.71,9-28-08,16:27:36,9-28-08,16:27:36
40508,Prambachkirchen               ,2262,1833,81.03,53,2.89,1780,97.11,412,23.15,662,37.19,128,7.19,363,20.39,159,8.93,19,1.07,14,0.79,6,0.34,6,0.34,0,0.00,11,0.62,9-28-08,16:22:26,9-28-08,16:22:26
40509,Pupping                       ,1582,1254,79.27,29,2.31,1225,97.69,353,28.82,351,28.65,93,7.59,249,20.33,122,9.96,13,1.06,8,0.65,10,0.82,12,0.98,0,0.00,14,1.14,9-28-08,15:44:07,9-28-08,16:43:31
40510,St.Marienkirchen an d. Polsenz,1820,1482,81.43,37,2.50,1445,97.50,357,24.71,403,27.89,127,8.79,351,24.29,118,8.17,21,1.45,19,1.31,7,0.48,26,1.80,1,0.07,15,1.04,9-28-08,15:37:39,9-28-08,15:37:39
40511,Scharten                      ,1652,1358,82.20,22,1.62,1336,98.38,418,31.29,332,24.85,121,9.06,290,21.71,120,8.98,14,1.05,10,0.75,3,0.22,18,1.35,0,0.00,10,0.75,9-28-08,16:52:51,9-28-08,16:52:51
40512,Stroheim                      ,1241,1012,81.55,49,4.84,963,95.16,153,15.89,436,45.28,58,6.02,167,17.34,106,11.01,6,0.62,13,1.35,4,0.42,3,0.31,1,0.10,16,1.66,9-28-08,14:47:20,9-28-08,14:47:20
40599,Wahlkarten Eferding                      ,0,1036,0.00,32,3.09,1004,96.91,297,29.58,325,32.37,143,14.24,135,13.45,51,5.08,12,1.20,17,1.69,4,0.40,11,1.10,1,0.10,8,0.80,9-30-08,14:13:35,10-06-08,15:38:51
40600,Bezirk Freistadt                     ,51822,44755,86.36,1497,3.34,43258,96.66,12147,28.08,14641,33.85,3901,9.02,7230,16.71,3630,8.39,315,0.73,424,0.98,227,0.52,376,0.87,18,0.04,349,0.81,9-28-08,18:28:42,10-06-08,14:31:59
40601,Freistadt                     ,5848,4664,79.75,115,2.47,4549,97.53,1405,30.89,1174,25.81,590,12.97,793,17.43,430,9.45,32,0.70,46,1.01,20,0.44,26,0.57,3,0.07,30,0.66,9-28-08,17:44:12,9-28-08,17:44:12
40602,Grünbach                      ,1480,1194,80.68,51,4.27,1143,95.73,240,21.00,397,34.73,78,6.82,260,22.75,119,10.41,13,1.14,11,0.96,4,0.35,13,1.14,0,0.00,8,0.70,9-28-08,16:03:43,9-28-08,16:03:43
40603,Gutau                         ,2146,1710,79.68,43,2.51,1667,97.49,470,28.19,564,33.83,154,9.24,261,15.66,155,9.30,17,1.02,11,0.66,5,0.30,15,0.90,0,0.00,15,0.90,9-28-08,17:11:55,9-28-08,17:11:55
40604,Hagenberg im Mühlkreis        ,2097,1661,79.21,39,2.35,1622,97.65,529,32.61,346,21.33,215,13.26,321,19.79,128,7.89,18,1.11,16,0.99,20,1.23,15,0.92,1,0.06,13,0.80,9-28-08,17:37:57,9-28-08,17:37:57
40605,Hirschbach im Mühlkreis       ,919,758,82.48,44,5.80,714,94.20,156,21.85,311,43.56,66,9.24,89,12.46,59,8.26,7,0.98,6,0.84,4,0.56,7,0.98,1,0.14,8,1.12,9-28-08,14:30:37,9-28-08,14:30:37
40606,Kaltenberg                    ,510,448,87.84,19,4.24,429,95.76,32,7.46,270,62.94,10,2.33,72,16.78,39,9.09,2,0.47,1,0.23,1,0.23,0,0.00,0,0.00,2,0.47,9-28-08,14:47:35,9-28-08,14:47:35
40607,Kefermarkt                    ,1696,1407,82.96,48,3.41,1359,96.59,417,30.68,411,30.24,108,7.95,237,17.44,121,8.90,11,0.81,23,1.69,9,0.66,11,0.81,1,0.07,10,0.74,9-28-08,17:05:01,9-28-08,17:05:01
40608,Königswiesen                  ,2518,2031,80.66,68,3.35,1963,96.65,456,23.23,780,39.74,131,6.67,375,19.10,151,7.69,7,0.36,11,0.56,11,0.56,25,1.27,0,0.00,16,0.82,9-28-08,17:45:08,9-28-08,17:45:08
40609,Lasberg                       ,2269,1826,80.48,49,2.68,1777,97.32,422,23.75,698,39.28,159,8.95,287,16.15,133,7.48,15,0.84,20,1.13,5,0.28,19,1.07,1,0.06,18,1.01,9-28-08,16:07:36,9-28-08,16:07:36
40610,Leopoldschlag                 ,856,684,79.91,36,5.26,648,94.74,112,17.28,329,50.77,44,6.79,103,15.90,39,6.02,5,0.77,5,0.77,1,0.15,0,0.00,0,0.00,10,1.54,9-28-08,15:25:40,9-28-08,15:25:40
40611,Liebenau                      ,1450,1148,79.17,40,3.48,1108,96.52,290,26.17,519,46.84,34,3.07,158,14.26,69,6.23,5,0.45,9,0.81,6,0.54,9,0.81,0,0.00,9,0.81,9-28-08,17:24:41,9-28-08,17:24:41
40612,Neumarkt im Mühlkreis         ,2496,2051,82.17,82,4.00,1969,96.00,565,28.69,650,33.01,219,11.12,299,15.19,146,7.41,15,0.76,33,1.68,7,0.36,5,0.25,2,0.10,28,1.42,9-28-08,17:46:11,9-28-08,17:46:11
40613,Pierbach                      ,806,649,80.52,22,3.39,627,96.61,131,20.89,230,36.68,32,5.10,142,22.65,54,8.61,3,0.48,2,0.32,3,0.48,28,4.47,0,0.00,2,0.32,9-28-08,14:14:28,9-28-08,14:14:28
40614,Pregarten                     ,3944,3287,83.34,85,2.59,3202,97.41,1124,35.10,864,26.98,258,8.06,550,17.18,303,9.46,19,0.59,28,0.87,21,0.66,18,0.56,2,0.06,15,0.47,9-28-08,18:28:42,9-28-08,18:28:42
40615,Rainbach im Mühlkreis         ,2301,1823,79.23,86,4.72,1737,95.28,451,25.96,721,41.51,145,8.35,232,13.36,129,7.43,7,0.40,9,0.52,3,0.17,25,1.44,1,0.06,14,0.81,9-28-08,17:21:05,9-28-08,17:21:05
40616,Sandl                         ,1163,964,82.89,50,5.19,914,94.81,351,38.40,255,27.90,54,5.91,139,15.21,67,7.33,10,1.09,5,0.55,12,1.31,12,1.31,0,0.00,9,0.98,9-28-08,16:42:53,9-28-08,16:42:53
40617,St.Leonhard bei Freistadt     ,1178,982,83.36,27,2.75,955,97.25,267,27.96,367,38.43,48,5.03,158,16.54,86,9.01,6,0.63,7,0.73,5,0.52,5,0.52,0,0.00,6,0.63,9-28-08,18:11:21,9-28-08,18:11:21
40618,St.Oswald bei Freistadt       ,2130,1732,81.31,64,3.70,1668,96.30,509,30.52,532,31.89,83,4.98,338,20.26,144,8.63,14,0.84,8,0.48,7,0.42,20,1.20,0,0.00,13,0.78,9-28-08,16:53:53,9-28-08,16:53:53
40619,Schönau im Mühlkreis          ,1504,1288,85.64,33,2.56,1255,97.44,287,22.87,506,40.32,64,5.10,237,18.88,135,10.76,5,0.40,4,0.32,3,0.24,5,0.40,1,0.08,8,0.64,9-28-08,17:13:13,9-28-08,17:13:13
40620,Tragwein                      ,2439,2072,84.95,60,2.90,2012,97.10,701,34.84,685,34.05,149,7.41,285,14.17,118,5.86,12,0.60,20,0.99,13,0.65,18,0.89,0,0.00,11,0.55,9-28-08,15:42:26,9-28-08,15:42:26
40621,Unterweißenbach               ,1925,1587,82.44,64,4.03,1523,95.97,336,22.06,640,42.02,80,5.25,278,18.25,137,9.00,7,0.46,8,0.53,6,0.39,16,1.05,1,0.07,14,0.92,9-28-08,16:58:49,9-28-08,16:58:49
40622,Unterweitersdorf              ,1513,1280,84.60,27,2.11,1253,97.89,414,33.04,324,25.86,143,11.41,187,14.92,123,9.82,12,0.96,16,1.28,5,0.40,20,1.60,0,0.00,9,0.72,9-28-08,17:47:16,9-29-08,13:27:15
40623,Waldburg                      ,1073,896,83.50,35,3.91,861,96.09,225,26.13,327,37.98,85,9.87,138,16.03,50,5.81,6,0.70,10,1.16,4,0.46,5,0.58,0,0.00,11,1.28,9-28-08,16:00:34,9-28-08,16:00:34
40624,Wartberg ob der Aist          ,3217,2618,81.38,106,4.05,2512,95.95,915,36.43,550,21.89,271,10.79,428,17.04,236,9.39,23,0.92,35,1.39,16,0.64,13,0.52,1,0.04,24,0.96,9-28-08,17:39:04,9-28-08,17:39:04
40625,Weitersfelden                 ,878,735,83.71,17,2.31,718,97.69,175,24.37,332,46.24,49,6.82,86,11.98,55,7.66,1,0.14,2,0.28,8,1.11,4,0.56,1,0.14,5,0.70,9-28-08,15:31:55,9-28-08,15:31:55
40626,Windhaag bei Freistadt        ,1298,1059,81.59,60,5.67,999,94.33,248,24.82,432,43.24,63,6.31,160,16.02,72,7.21,5,0.50,2,0.20,3,0.30,7,0.70,0,0.00,7,0.70,9-28-08,15:34:11,9-28-08,15:34:11
40627,Bad Zell                      ,2168,1813,83.63,71,3.92,1742,96.08,341,19.58,622,35.71,204,11.71,333,19.12,181,10.39,16,0.92,15,0.86,12,0.69,11,0.63,1,0.06,6,0.34,9-28-08,15:20:54,9-28-08,15:20:54
40699,Wahlkarten Freistadt                     ,0,2388,0.00,56,2.35,2332,97.65,578,24.79,805,34.52,365,15.65,284,12.18,151,6.48,22,0.94,61,2.62,13,0.56,24,1.03,1,0.04,28,1.20,9-30-08,15:31:12,10-06-08,14:31:59
40700,Bezirk Gmunden                       ,78599,63533,80.83,1943,3.06,61590,96.94,20933,33.99,14346,23.29,6283,10.20,10395,16.88,6187,10.05,702,1.14,848,1.38,519,0.84,662,1.07,26,0.04,689,1.12,9-28-08,19:32:11,10-06-08,16:14:21
40701,Altmünster                    ,7733,5922,76.58,208,3.51,5714,96.49,1744,30.52,1480,25.90,645,11.29,897,15.70,624,10.92,79,1.38,79,1.38,32,0.56,68,1.19,0,0.00,66,1.16,9-28-08,18:37:01,9-29-08,8:11:29
40702,Bad Goisern                   ,6024,4465,74.12,147,3.29,4318,96.71,1925,44.58,554,12.83,298,6.90,630,14.59,595,13.78,42,0.97,46,1.07,63,1.46,106,2.45,4,0.09,55,1.27,9-28-08,17:29:02,9-28-08,17:29:02
40703,Bad Ischl                     ,11043,7649,69.27,214,2.80,7435,97.20,2379,32.00,1599,21.51,838,11.27,1350,18.16,829,11.15,92,1.24,121,1.63,95,1.28,55,0.74,3,0.04,74,1.00,9-28-08,17:38:03,9-28-08,18:35:05
40704,Ebensee                       ,6592,4987,75.65,162,3.25,4825,96.75,2164,44.85,823,17.06,453,9.39,686,14.22,446,9.24,59,1.22,55,1.14,49,1.02,29,0.60,1,0.02,60,1.24,9-28-08,17:15:30,9-28-08,17:15:30
40705,Gmunden                       ,10267,7336,71.45,187,2.55,7149,97.45,1926,26.94,1987,27.79,950,13.29,1162,16.25,725,10.14,72,1.01,130,1.82,42,0.59,63,0.88,4,0.06,88,1.23,9-28-08,17:53:21,9-28-08,18:36:47
40706,Gosau                         ,1553,1154,74.31,33,2.86,1121,97.14,545,48.62,212,18.91,50,4.46,160,14.27,96,8.56,11,0.98,7,0.62,6,0.54,17,1.52,0,0.00,17,1.52,9-28-08,17:07:27,9-28-08,17:07:27
40707,Grünau im Almtal              ,1665,1316,79.04,45,3.42,1271,96.58,427,33.60,352,27.69,110,8.65,240,18.88,81,6.37,13,1.02,10,0.79,7,0.55,13,1.02,1,0.08,17,1.34,9-28-08,17:15:42,9-28-08,17:15:42
40708,Gschwandt                     ,1980,1542,77.88,70,4.54,1472,95.46,409,27.79,400,27.17,136,9.24,274,18.61,164,11.14,16,1.09,13,0.88,3,0.20,35,2.38,1,0.07,21,1.43,9-28-08,16:38:03,9-28-08,16:42:48
40709,Hallstatt                     ,718,572,79.67,24,4.20,548,95.80,303,55.29,80,14.60,43,7.85,39,7.12,37,6.75,1,0.18,17,3.10,13,2.37,5,0.91,1,0.18,9,1.64,9-28-08,16:27:33,9-28-08,16:27:33
40710,Kirchham                      ,1513,1153,76.21,46,3.99,1107,96.01,209,18.88,460,41.55,78,7.05,220,19.87,94,8.49,9,0.81,8,0.72,6,0.54,11,0.99,0,0.00,12,1.08,9-28-08,16:27:47,9-28-08,16:27:47
40711,Laakirchen                    ,6983,5382,77.07,159,2.95,5223,97.05,2183,41.80,938,17.96,397,7.60,1014,19.41,464,8.88,56,1.07,50,0.96,40,0.77,34,0.65,1,0.02,46,0.88,9-28-08,16:27:57,9-28-08,16:27:57
40712,Obertraun                     ,586,475,81.06,17,3.58,458,96.42,246,53.71,73,15.94,26,5.68,49,10.70,35,7.64,4,0.87,2,0.44,13,2.84,3,0.66,0,0.00,7,1.53,9-28-08,16:57:13,9-28-08,16:57:13
40713,Ohlsdorf                      ,3810,2965,77.82,110,3.71,2855,96.29,935,32.75,673,23.57,281,9.84,548,19.19,265,9.28,20,0.70,32,1.12,17,0.60,44,1.54,1,0.04,39,1.37,9-28-08,17:15:50,9-28-08,17:15:50
40714,Pinsdorf                      ,2820,2194,77.80,70,3.19,2124,96.81,823,38.75,386,18.17,177,8.33,433,20.39,205,9.65,29,1.37,22,1.04,14,0.66,10,0.47,0,0.00,25,1.18,9-28-08,16:15:31,9-28-08,16:47:08
40715,Roitham                       ,1589,1267,79.74,53,4.18,1214,95.82,347,28.58,342,28.17,87,7.17,289,23.81,89,7.33,12,0.99,16,1.32,15,1.24,12,0.99,0,0.00,5,0.41,9-28-08,16:43:52,9-28-08,16:43:52
40716,St.Konrad                     ,845,674,79.76,18,2.67,656,97.33,165,25.15,247,37.65,52,7.93,96,14.63,58,8.84,9,1.37,5,0.76,5,0.76,10,1.52,0,0.00,9,1.37,9-28-08,15:10:48,9-28-08,15:10:48
40717,St.Wolfgang im Salzkammergut  ,2158,1523,70.57,45,2.95,1478,97.05,411,27.81,466,31.53,104,7.04,247,16.71,178,12.04,9,0.61,24,1.62,15,1.01,6,0.41,0,0.00,18,1.22,9-28-08,16:44:03,9-28-08,16:44:03
40718,Traunkirchen                  ,1381,1021,73.93,24,2.35,997,97.65,286,28.69,269,26.98,126,12.64,156,15.65,100,10.03,20,2.01,14,1.40,6,0.60,7,0.70,0,0.00,13,1.30,9-28-08,19:32:11,9-28-08,19:32:11
40719,Scharnstein                   ,3657,2789,76.26,88,3.16,2701,96.84,902,33.40,641,23.73,244,9.03,518,19.18,273,10.11,35,1.30,27,1.00,19,0.70,25,0.93,0,0.00,17,0.63,9-28-08,18:23:50,9-28-08,18:23:50
40720,Vorchdorf                     ,5682,4477,78.79,140,3.13,4337,96.87,1368,31.54,1016,23.43,407,9.38,891,20.54,436,10.05,61,1.41,36,0.83,30,0.69,55,1.27,6,0.14,31,0.71,9-28-08,17:42:02,9-28-08,17:42:02
40799,Wahlkarten Gmunden                       ,0,4670,0.00,83,1.78,4587,98.22,1236,26.95,1348,29.39,781,17.03,496,10.81,393,8.57,53,1.16,134,2.92,29,0.63,54,1.18,3,0.07,60,1.31,9-30-08,17:24:13,10-06-08,16:14:21
40800,Bezirk Grieskirchen                  ,49199,40610,82.54,1533,3.77,39077,96.23,9351,23.93,13400,34.29,3299,8.44,7785,19.92,3475,8.89,328,0.84,328,0.84,180,0.46,502,1.28,11,0.03,418,1.07,9-28-08,17:26:23,10-06-08,15:25:49
40801,Aistersheim                   ,646,517,80.03,23,4.45,494,95.55,112,22.67,204,41.30,27,5.47,101,20.45,38,7.69,3,0.61,4,0.81,3,0.61,1,0.20,0,0.00,1,0.20,9-28-08,13:37:12,9-28-08,13:37:12
40802,Bad Schallerbach              ,2683,2006,74.77,52,2.59,1954,97.41,614,31.42,505,25.84,169,8.65,400,20.47,183,9.37,17,0.87,26,1.33,10,0.51,15,0.77,1,0.05,14,0.72,9-28-08,17:17:42,9-28-08,18:36:22
40803,Bruck-Waasen                  ,1854,1425,76.86,68,4.77,1357,95.23,257,18.94,587,43.26,89,6.56,221,16.29,156,11.50,9,0.66,9,0.66,5,0.37,11,0.81,0,0.00,13,0.96,9-28-08,15:32:23,9-28-08,15:32:23
40804,Eschenau im Hausruckkreis     ,899,725,80.65,33,4.55,692,95.45,99,14.31,299,43.21,38,5.49,155,22.40,64,9.25,11,1.59,2,0.29,6,0.87,3,0.43,0,0.00,15,2.17,9-28-08,13:57:41,9-28-08,13:57:41
40805,Gallspach                     ,1868,1389,74.36,20,1.44,1369,98.56,399,29.15,301,21.99,104,7.60,363,26.52,116,8.47,9,0.66,11,0.80,5,0.37,46,3.36,1,0.07,14,1.02,9-28-08,16:26:58,9-28-08,16:26:58
40806,Gaspoltshofen                 ,2840,2069,72.85,117,5.65,1952,94.35,473,24.23,585,29.97,223,11.42,460,23.57,144,7.38,11,0.56,15,0.77,12,0.61,14,0.72,0,0.00,15,0.77,9-28-08,13:47:20,9-28-08,13:47:20
40807,Geboltskirchen                ,1104,839,76.00,44,5.24,795,94.76,233,29.31,266,33.46,65,8.18,131,16.48,69,8.68,0,0.00,5,0.63,5,0.63,18,2.26,0,0.00,3,0.38,9-28-08,15:01:52,9-28-08,16:23:32
40808,Grieskirchen                  ,3650,2852,78.14,89,3.12,2763,96.88,737,26.67,814,29.46,267,9.66,555,20.09,251,9.08,15,0.54,32,1.16,6,0.22,62,2.24,0,0.00,24,0.87,9-28-08,17:17:51,9-28-08,17:17:51
40809,Haag am Hausruck              ,1606,1248,77.71,45,3.61,1203,96.39,336,27.93,356,29.59,112,9.31,237,19.70,101,8.40,8,0.67,11,0.91,7,0.58,25,2.08,0,0.00,10,0.83,9-28-08,16:13:23,9-28-08,20:10:07
40810,Heiligenberg                  ,541,450,83.18,26,5.78,424,94.22,29,6.84,235,55.42,35,8.25,81,19.10,28,6.60,4,0.94,1,0.24,1,0.24,8,1.89,0,0.00,2,0.47,9-28-08,14:02:08,9-28-08,18:24:52
40811,Hofkirchen an der Trattnach   ,1169,917,78.44,41,4.47,876,95.53,192,21.92,295,33.68,53,6.05,207,23.63,76,8.68,9,1.03,8,0.91,4,0.46,17,1.94,0,0.00,15,1.71,9-28-08,16:53:35,9-28-08,16:55:31
40812,Kallham                       ,2064,1637,79.31,70,4.28,1567,95.72,408,26.04,520,33.18,109,6.96,307,19.59,163,10.40,12,0.77,8,0.51,9,0.57,15,0.96,0,0.00,16,1.02,9-28-08,15:59:01,9-28-08,18:27:14
40813,Kematen am Innbach            ,1022,758,74.17,18,2.37,740,97.63,180,24.32,196,26.49,48,6.49,213,28.78,76,10.27,6,0.81,3,0.41,8,1.08,6,0.81,0,0.00,4,0.54,9-28-08,14:57:39,9-28-08,14:57:39
40814,Meggenhofen                   ,1015,807,79.51,44,5.45,763,94.55,123,16.12,343,44.95,68,8.91,148,19.40,55,7.21,11,1.44,4,0.52,1,0.13,6,0.79,0,0.00,4,0.52,9-28-08,16:17:10,9-28-08,16:17:10
40815,Michaelnbach                  ,1026,774,75.44,29,3.75,745,96.25,132,17.72,360,48.32,35,4.70,113,15.17,76,10.20,4,0.54,4,0.54,4,0.54,7,0.94,0,0.00,10,1.34,9-28-08,13:54:09,9-28-08,13:54:09
40816,Natternbach                   ,1909,1500,78.58,62,4.13,1438,95.87,350,24.34,484,33.66,84,5.84,331,23.02,112,7.79,33,2.29,4,0.28,8,0.56,6,0.42,4,0.28,22,1.53,9-28-08,15:06:56,9-28-08,15:06:56
40817,Neukirchen am Walde           ,1309,1066,81.44,43,4.03,1023,95.97,196,19.16,440,43.01,60,5.87,182,17.79,110,10.75,10,0.98,1,0.10,6,0.59,8,0.78,0,0.00,10,0.98,9-28-08,14:51:42,9-28-08,16:26:02
40818,Neumarkt im Hausruckkreis     ,1156,845,73.10,24,2.84,821,97.16,289,35.20,185,22.53,54,6.58,201,24.48,60,7.31,5,0.61,10,1.22,5,0.61,7,0.85,0,0.00,5,0.61,9-28-08,15:47:29,9-28-08,15:47:29
40819,Peuerbach                     ,1755,1304,74.30,55,4.22,1249,95.78,263,21.06,419,33.55,126,10.09,237,18.98,154,12.33,11,0.88,8,0.64,6,0.48,13,1.04,0,0.00,12,0.96,9-28-08,15:27:33,9-28-08,15:27:33
40820,Pötting                       ,442,375,84.84,19,5.07,356,94.93,59,16.57,200,56.18,19,5.34,43,12.08,22,6.18,3,0.84,3,0.84,0,0.00,3,0.84,0,0.00,4,1.12,9-28-08,14:22:27,9-28-08,20:10:14
40821,Pollham                       ,733,603,82.26,26,4.31,577,95.69,96,16.64,220,38.13,74,12.82,103,17.85,51,8.84,3,0.52,6,1.04,1,0.17,13,2.25,0,0.00,10,1.73,9-28-08,14:42:05,9-28-08,14:42:05
40822,Pram                          ,1436,1060,73.82,33,3.11,1027,96.89,231,22.49,325,31.65,92,8.96,240,23.37,83,8.08,9,0.88,8,0.78,10,0.97,17,1.66,1,0.10,11,1.07,9-28-08,13:25:23,9-28-08,13:25:23
40823,Rottenbach                    ,831,667,80.26,40,6.00,627,94.00,145,23.13,183,29.19,30,4.78,154,24.56,78,12.44,6,0.96,10,1.59,2,0.32,12,1.91,0,0.00,7,1.12,9-28-08,15:54:35,9-28-08,18:27:33
40824,St.Agatha                     ,1728,1380,79.86,65,4.71,1315,95.29,241,18.33,599,45.55,69,5.25,227,17.26,130,9.89,14,1.06,7,0.53,3,0.23,8,0.61,0,0.00,17,1.29,9-28-08,16:55:39,9-28-08,16:55:39
40825,St.Georgen bei Grieskirchen   ,883,699,79.16,32,4.58,667,95.42,162,24.29,230,34.48,57,8.55,116,17.39,66,9.90,9,1.35,5,0.75,2,0.30,10,1.50,0,0.00,10,1.50,9-28-08,13:37:25,9-28-08,13:37:25
40826,St.Thomas                     ,361,292,80.89,9,3.08,283,96.92,29,10.25,121,42.76,25,8.83,59,20.85,31,10.95,10,3.53,1,0.35,2,0.71,3,1.06,0,0.00,2,0.71,9-28-08,12:47:13,9-28-08,12:47:13
40827,Schlüßlberg                   ,2369,1911,80.67,53,2.77,1858,97.23,633,34.07,414,22.28,127,6.84,416,22.39,190,10.23,9,0.48,16,0.86,2,0.11,25,1.35,1,0.05,25,1.35,9-28-08,16:32:10,9-28-08,16:32:10
40828,Steegen                       ,861,626,72.71,34,5.43,592,94.57,131,22.13,264,44.59,43,7.26,83,14.02,44,7.43,9,1.52,3,0.51,3,0.51,10,1.69,0,0.00,2,0.34,9-28-08,15:11:54,9-28-08,15:11:54
40829,Taufkirchen an der Trattnach  ,1650,1240,75.15,50,4.03,1190,95.97,259,21.76,385,32.35,67,5.63,314,26.39,116,9.75,7,0.59,4,0.34,7,0.59,17,1.43,1,0.08,13,1.09,9-28-08,15:42:40,9-28-08,15:42:40
40830,Tollet                        ,684,569,83.19,12,2.11,557,97.89,144,25.85,199,35.73,59,10.59,79,14.18,37,6.64,5,0.90,9,1.62,4,0.72,14,2.51,0,0.00,7,1.26,9-28-08,14:37:21,9-28-08,14:37:21
40831,Waizenkirchen                 ,2915,2300,78.90,73,3.17,2227,96.83,482,21.64,902,40.50,226,10.15,310,13.92,194,8.71,18,0.81,18,0.81,10,0.45,27,1.21,1,0.04,39,1.75,9-28-08,17:26:23,9-28-08,18:27:40
40832,Wallern an der Trattnach      ,2329,1837,78.88,46,2.50,1791,97.50,596,33.28,455,25.40,168,9.38,389,21.72,129,7.20,11,0.61,16,0.89,3,0.17,13,0.73,0,0.00,11,0.61,9-28-08,16:55:46,9-28-08,16:55:46
40833,Weibern                       ,1241,940,75.75,44,4.68,896,95.32,185,20.65,359,40.07,78,8.71,142,15.85,83,9.26,8,0.89,10,1.12,6,0.67,14,1.56,0,0.00,11,1.23,9-28-08,16:36:57,9-28-08,16:36:57
40834,Wendling                      ,620,500,80.65,26,5.20,474,94.80,62,13.08,218,45.99,30,6.33,109,23.00,38,8.02,2,0.42,2,0.42,7,1.48,2,0.42,0,0.00,4,0.84,9-28-08,14:06:41,9-28-08,14:06:41
40899,Wahlkarten Grieskirchen                  ,0,2483,0.00,68,2.74,2415,97.26,474,19.63,932,38.59,369,15.28,358,14.82,151,6.25,17,0.70,44,1.82,7,0.29,26,1.08,1,0.04,36,1.49,9-30-08,15:46:22,10-06-08,15:25:48
40900,Bezirk Kirchdorf an der Krems        ,42919,35289,82.22,922,2.61,34367,97.39,9952,28.96,10297,29.96,2997,8.72,6092,17.73,3377,9.83,297,0.86,418,1.22,205,0.60,363,1.06,10,0.03,359,1.04,9-28-08,18:28:19,10-06-08,15:27:05
40901,Edlbach                       ,525,405,77.14,8,1.98,397,98.02,91,22.92,159,40.05,21,5.29,42,10.58,68,17.13,2,0.50,4,1.01,3,0.76,3,0.76,0,0.00,4,1.01,9-28-08,16:03:08,9-28-08,16:03:08
40902,Grünburg                      ,2879,2234,77.60,59,2.64,2175,97.36,730,33.56,542,24.92,131,6.02,441,20.28,236,10.85,18,0.83,21,0.97,6,0.28,34,1.56,1,0.05,15,0.69,9-28-08,16:44:27,9-28-08,16:44:27
40903,Hinterstoder                  ,789,557,70.60,7,1.26,550,98.74,122,22.18,181,32.91,43,7.82,113,20.55,61,11.09,6,1.09,11,2.00,0,0.00,3,0.55,0,0.00,10,1.82,9-28-08,15:14:21,9-28-08,15:14:21
40904,Inzersdorf im Kremstal        ,1441,1155,80.15,40,3.46,1115,96.54,281,25.20,375,33.63,118,10.58,196,17.58,104,9.33,8,0.72,10,0.90,8,0.72,5,0.45,0,0.00,10,0.90,9-28-08,16:45:45,9-28-08,16:45:45
40905,Kirchdorf an der Krems        ,3091,2346,75.90,60,2.56,2286,97.44,785,34.34,501,21.92,284,12.42,369,16.14,234,10.24,19,0.83,39,1.71,16,0.70,21,0.92,0,0.00,18,0.79,9-28-08,17:50:03,9-28-08,17:50:03
40906,Klaus an der Pyhrnbahn        ,879,686,78.04,16,2.33,670,97.67,324,48.36,120,17.91,36,5.37,106,15.82,58,8.66,3,0.45,4,0.60,4,0.60,10,1.49,0,0.00,5,0.75,9-28-08,15:07:54,9-28-08,15:07:54
40907,Kremsmünster                  ,4734,3557,75.14,106,2.98,3451,97.02,834,24.17,1154,33.44,271,7.85,618,17.91,385,11.16,33,0.96,64,1.85,27,0.78,18,0.52,0,0.00,47,1.36,9-28-08,16:47:32,9-28-08,16:47:32
40908,Micheldorf in Oberösterreich  ,4550,3620,79.56,102,2.82,3518,97.18,1326,37.69,687,19.53,342,9.72,619,17.60,330,9.38,38,1.08,67,1.90,28,0.80,43,1.22,4,0.11,34,0.97,9-28-08,18:28:19,9-28-08,18:29:13
40909,Molln                         ,2813,2201,78.24,44,2.00,2157,98.00,757,35.10,536,24.85,183,8.48,374,17.34,179,8.30,28,1.30,22,1.02,8,0.37,36,1.67,0,0.00,34,1.58,9-28-08,17:06:50,9-28-08,17:06:50
40910,Nußbach                       ,1806,1457,80.68,48,3.29,1409,96.71,304,21.58,596,42.30,82,5.82,214,15.19,140,9.94,6,0.43,18,1.28,13,0.92,18,1.28,0,0.00,18,1.28,9-28-08,16:43:42,9-28-08,16:43:42
40911,Oberschlierbach               ,373,278,74.53,3,1.08,275,98.92,75,27.27,117,42.55,35,12.73,22,8.00,8,2.91,3,1.09,2,0.73,1,0.36,10,3.64,0,0.00,2,0.73,9-28-08,14:28:31,9-28-08,14:28:31
40912,Pettenbach                    ,3734,2895,77.53,88,3.04,2807,96.96,693,24.69,786,28.00,261,9.30,633,22.55,311,11.08,28,1.00,24,0.86,23,0.82,13,0.46,1,0.04,34,1.21,9-28-08,17:09:39,9-28-08,17:09:39
40913,Ried im Traunkreis            ,2026,1561,77.05,42,2.69,1519,97.31,298,19.62,575,37.85,104,6.85,318,20.93,166,10.93,9,0.59,11,0.72,11,0.72,15,0.99,1,0.07,11,0.72,9-28-08,16:29:59,9-28-08,16:29:59
40914,Rosenau am Hengstpaß          ,569,437,76.80,6,1.37,431,98.63,193,44.78,105,24.36,12,2.78,61,14.15,38,8.82,2,0.46,2,0.46,6,1.39,7,1.62,0,0.00,5,1.16,9-28-08,17:07:32,9-28-08,17:07:32
40915,Roßleithen                    ,1473,1139,77.33,26,2.28,1113,97.72,385,34.59,355,31.90,69,6.20,176,15.81,85,7.64,9,0.81,9,0.81,3,0.27,15,1.35,0,0.00,7,0.63,9-28-08,17:08:11,9-28-08,17:08:11
40916,St.Pankraz                    ,259,211,81.47,5,2.37,206,97.63,71,34.47,28,13.59,1,0.49,83,40.29,20,9.71,1,0.49,1,0.49,1,0.49,0,0.00,0,0.00,0,0.00,9-28-08,13:37:26,9-28-08,13:37:26
40917,Schlierbach                   ,2122,1660,78.23,40,2.41,1620,97.59,372,22.96,501,30.93,232,14.32,256,15.80,170,10.49,14,0.86,15,0.93,8,0.49,30,1.85,0,0.00,22,1.36,9-28-08,16:07:32,9-28-08,16:07:32
40918,Spital am Pyhrn               ,1739,1271,73.09,35,2.75,1236,97.25,442,35.76,352,28.48,53,4.29,244,19.74,105,8.50,6,0.49,11,0.89,6,0.49,11,0.89,0,0.00,6,0.49,9-28-08,16:28:13,9-28-08,16:28:13
40919,Steinbach am Ziehberg         ,661,520,78.67,15,2.88,505,97.12,108,21.39,192,38.02,37,7.33,112,22.18,33,6.53,1,0.20,8,1.58,4,0.79,3,0.59,0,0.00,7,1.39,9-28-08,14:52:09,9-28-08,14:52:09
40920,Steinbach an der Steyr        ,1586,1332,83.98,27,2.03,1305,97.97,328,25.13,473,36.25,70,5.36,239,18.31,148,11.34,9,0.69,5,0.38,4,0.31,15,1.15,1,0.08,13,1.00,9-28-08,16:31:34,9-28-08,16:31:34
40921,Vorderstoder                  ,650,470,72.31,16,3.40,454,96.60,94,20.70,169,37.22,22,4.85,91,20.04,52,11.45,11,2.42,0,0.00,4,0.88,5,1.10,0,0.00,6,1.32,9-28-08,15:17:57,9-28-08,15:17:57
40922,Wartberg an der Krems         ,2276,1776,78.03,50,2.82,1726,97.18,358,20.74,731,42.35,140,8.11,298,17.27,139,8.05,15,0.87,16,0.93,5,0.29,10,0.58,0,0.00,14,0.81,9-28-08,15:07:44,9-28-08,15:07:44
40923,Windischgarsten               ,1944,1439,74.02,43,2.99,1396,97.01,489,35.03,391,28.01,111,7.95,203,14.54,147,10.53,5,0.36,15,1.07,7,0.50,12,0.86,1,0.07,15,1.07,9-28-08,17:52:41,9-28-08,17:52:41
40999,Wahlkarten Kirchdorf an der Krems        ,0,2082,0.00,36,1.73,2046,98.27,492,24.05,671,32.80,339,16.57,264,12.90,160,7.82,23,1.12,39,1.91,9,0.44,26,1.27,1,0.05,22,1.08,9-30-08,16:59:21,10-06-08,15:27:05
41000,Bezirk Linz-Land                     ,103473,85004,82.15,1793,2.11,83211,97.89,30480,36.63,17042,20.48,8473,10.18,16024,19.26,7375,8.86,800,0.96,1230,1.48,461,0.55,575,0.69,34,0.04,717,0.86,9-28-08,19:19:59,10-06-08,16:06:41
41001,Allhaming                     ,810,674,83.21,16,2.37,658,97.63,208,31.61,247,37.54,45,6.84,88,13.37,46,6.99,1,0.15,8,1.22,2,0.30,8,1.22,0,0.00,5,0.76,9-28-08,16:23:32,9-28-08,17:24:15
41002,Ansfelden                     ,11181,8541,76.39,178,2.08,8363,97.92,3483,41.65,1096,13.11,625,7.47,1975,23.62,827,9.89,103,1.23,118,1.41,39,0.47,34,0.41,9,0.11,54,0.65,9-28-08,18:37:35,9-28-08,18:37:35
41003,Asten                         ,4689,3519,75.05,73,2.07,3446,97.93,1431,41.53,410,11.90,229,6.65,895,25.97,349,10.13,29,0.84,36,1.04,20,0.58,17,0.49,0,0.00,30,0.87,9-28-08,17:45:04,9-28-08,17:45:04
41004,Eggendorf im Traunkreis       ,596,496,83.22,3,0.60,493,99.40,150,30.43,156,31.64,21,4.26,82,16.63,59,11.97,10,2.03,7,1.42,3,0.61,3,0.61,0,0.00,2,0.41,9-28-08,14:47:27,9-28-08,14:47:27
41005,Enns                          ,8144,6108,75.00,104,1.70,6004,98.30,2268,37.77,1194,19.89,635,10.58,1140,18.99,516,8.59,68,1.13,79,1.32,38,0.63,12,0.20,3,0.05,51,0.85,9-28-08,18:52:45,9-28-08,18:52:45
41006,Hargelsberg                   ,958,786,82.05,20,2.54,766,97.46,227,29.63,248,32.38,59,7.70,139,18.15,55,7.18,11,1.44,5,0.65,8,1.04,4,0.52,0,0.00,10,1.31,9-28-08,15:42:34,9-28-08,15:42:34
41007,Hörsching                     ,4472,3418,76.43,90,2.63,3328,97.37,1102,33.11,576,17.31,335,10.07,807,24.25,342,10.28,49,1.47,36,1.08,21,0.63,19,0.57,0,0.00,41,1.23,9-28-08,18:17:42,9-28-08,18:17:42
41008,Hofkirchen im Traunkreis      ,1260,925,73.41,17,1.84,908,98.16,260,28.63,248,27.31,116,12.78,173,19.05,81,8.92,6,0.66,8,0.88,1,0.11,4,0.44,0,0.00,11,1.21,9-28-08,16:32:01,9-28-08,16:32:01
41009,Kematen an der Krems          ,1820,1481,81.37,40,2.70,1441,97.30,421,29.22,461,31.99,104,7.22,228,15.82,156,10.83,13,0.90,12,0.83,5,0.35,28,1.94,0,0.00,13,0.90,9-28-08,16:56:34,9-28-08,16:56:34
41010,Kirchberg-Thening             ,1905,1484,77.90,28,1.89,1456,98.11,569,39.08,262,17.99,178,12.23,257,17.65,119,8.17,7,0.48,32,2.20,9,0.62,7,0.48,0,0.00,16,1.10,9-28-08,16:00:33,9-28-08,16:00:33
41011,Kronstorf                     ,2464,1981,80.40,46,2.32,1935,97.68,740,38.24,388,20.05,140,7.24,399,20.62,185,9.56,12,0.62,21,1.09,7,0.36,9,0.47,0,0.00,34,1.76,9-28-08,17:49:39,9-28-08,17:49:39
41012,Leonding                      ,18657,13940,74.72,287,2.06,13653,97.94,4916,36.01,2823,20.68,1714,12.55,2279,16.69,1263,9.25,128,0.94,260,1.90,80,0.59,72,0.53,10,0.07,108,0.79,9-28-08,18:56:41,9-28-08,18:56:41
41013,St.Florian                    ,4687,3714,79.24,108,2.91,3606,97.09,1079,29.92,1098,30.45,405,11.23,583,16.17,306,8.49,32,0.89,44,1.22,12,0.33,22,0.61,1,0.03,24,0.67,9-28-08,17:31:55,9-28-08,17:31:55
41014,Neuhofen an der Krems         ,4444,3359,75.59,84,2.50,3275,97.50,1031,31.48,799,24.40,425,12.98,568,17.34,284,8.67,32,0.98,39,1.19,28,0.85,43,1.31,0,0.00,26,0.79,9-28-08,17:13:10,9-28-08,17:13:10
41015,Niederneukirchen              ,1525,1263,82.82,23,1.82,1240,98.18,366,29.52,455,36.69,100,8.06,185,14.92,93,7.50,9,0.73,16,1.29,3,0.24,7,0.56,0,0.00,6,0.48,9-28-08,17:28:21,9-28-08,17:28:21
41016,Oftering                      ,1540,1232,80.00,27,2.19,1205,97.81,440,36.51,281,23.32,108,8.96,227,18.84,100,8.30,10,0.83,17,1.41,7,0.58,6,0.50,0,0.00,9,0.75,9-28-08,17:23:16,9-28-08,17:23:16
41017,Pasching                      ,5037,3846,76.35,79,2.05,3767,97.95,1493,39.63,624,16.56,397,10.54,735,19.51,348,9.24,26,0.69,71,1.88,21,0.56,12,0.32,0,0.00,40,1.06,9-28-08,18:25:59,9-28-08,18:25:59
41018,Piberbach                     ,1439,1164,80.89,18,1.55,1146,98.45,419,36.56,274,23.91,90,7.85,210,18.32,87,7.59,8,0.70,16,1.40,5,0.44,29,2.53,1,0.09,7,0.61,9-28-08,17:18:18,9-28-08,17:18:18
41019,Pucking                       ,2919,2301,78.83,61,2.65,2240,97.35,765,34.15,432,19.29,170,7.59,528,23.57,230,10.27,31,1.38,25,1.12,17,0.76,16,0.71,1,0.04,25,1.12,9-28-08,17:09:51,9-28-08,17:09:51
41020,St.Marien                     ,3574,2917,81.62,74,2.54,2843,97.46,962,33.84,756,26.59,228,8.02,511,17.97,222,7.81,29,1.02,38,1.34,15,0.53,58,2.04,1,0.04,23,0.81,9-28-08,16:18:24,9-28-08,16:18:24
41021,Traun                         ,16943,12401,73.19,237,1.91,12164,98.09,5299,43.56,1682,13.83,950,7.81,2675,21.99,1043,8.57,105,0.86,143,1.18,78,0.64,90,0.74,2,0.02,97,0.80,9-28-08,19:19:59,9-28-08,19:19:59
41022,Wilhering                     ,4409,3531,80.09,83,2.35,3448,97.65,1014,29.41,997,28.92,510,14.79,488,14.15,279,8.09,25,0.73,66,1.91,17,0.49,26,0.75,2,0.06,24,0.70,9-28-08,17:42:43,9-28-08,17:42:43
41099,Wahlkarten Linz-Land                     ,0,5923,0.00,97,1.64,5826,98.36,1837,31.53,1535,26.35,889,15.26,852,14.62,385,6.61,56,0.96,133,2.28,25,0.43,49,0.84,4,0.07,61,1.05,9-30-08,18:32:41,10-06-08,16:06:41
41100,Bezirk Perg                          ,51216,44150,86.20,1341,3.04,42809,96.96,14779,34.52,12627,29.50,3200,7.48,7291,17.03,3271,7.64,340,0.79,359,0.84,196,0.46,367,0.86,19,0.04,360,0.84,9-28-08,19:09:11,10-06-08,15:54:38
41101,Allerheiligen im Mühlkreis    ,933,796,85.32,23,2.89,773,97.11,224,28.98,272,35.19,42,5.43,146,18.89,61,7.89,4,0.52,4,0.52,4,0.52,8,1.03,0,0.00,8,1.03,9-28-08,16:04:52,9-28-08,16:04:52
41102,Arbing                        ,1117,931,83.35,28,3.01,903,96.99,241,26.69,319,35.33,87,9.63,138,15.28,82,9.08,13,1.44,6,0.66,3,0.33,1,0.11,0,0.00,13,1.44,9-28-08,18:07:54,9-28-08,18:07:54
41103,Baumgartenberg                ,1254,1039,82.92,19,1.83,1020,98.17,224,21.96,384,37.65,56,5.49,234,22.94,84,8.24,7,0.69,7,0.69,4,0.39,6,0.59,0,0.00,14,1.37,9-28-08,16:54:47,9-28-08,16:54:47
41104,Dimbach                       ,840,726,86.43,24,3.31,702,96.69,201,28.63,297,42.31,29,4.13,91,12.96,55,7.83,2,0.28,1,0.14,3,0.43,11,1.57,1,0.14,11,1.57,9-28-08,14:46:23,9-28-08,14:46:23
41105,Grein                         ,2460,1988,80.81,60,3.02,1928,96.98,661,34.28,520,26.97,130,6.74,368,19.09,172,8.92,9,0.47,15,0.78,7,0.36,23,1.19,1,0.05,22,1.14,9-28-08,16:11:08,9-29-08,13:26:46
41106,Katsdorf                      ,2204,1814,82.30,46,2.54,1768,97.46,648,36.65,459,25.96,187,10.58,261,14.76,133,7.52,16,0.90,27,1.53,12,0.68,5,0.28,2,0.11,18,1.02,9-28-08,17:22:03,9-28-08,17:22:03
41107,Klam                          ,675,561,83.11,27,4.81,534,95.19,123,23.03,172,32.21,28,5.24,125,23.41,61,11.42,5,0.94,2,0.37,2,0.37,5,0.94,0,0.00,11,2.06,9-28-08,14:14:39,9-28-08,15:51:59
41108,Bad Kreuzen                   ,1761,1460,82.91,61,4.18,1399,95.82,167,11.94,717,51.25,69,4.93,278,19.87,116,8.29,9,0.64,8,0.57,4,0.29,17,1.22,1,0.07,13,0.93,9-28-08,15:06:13,9-28-08,15:06:13
41109,Langenstein                   ,2036,1641,80.60,34,2.07,1607,97.93,781,48.60,241,15.00,111,6.91,317,19.73,96,5.97,18,1.12,11,0.68,11,0.68,10,0.62,0,0.00,11,0.68,9-28-08,18:07:46,9-28-08,18:07:46
41110,Luftenberg an der Donau       ,3087,2448,79.30,47,1.92,2401,98.08,1064,44.31,381,15.87,189,7.87,467,19.45,210,8.75,20,0.83,31,1.29,10,0.42,8,0.33,2,0.08,19,0.79,9-28-08,16:18:17,9-28-08,16:18:17
41111,Mauthausen                    ,3697,2887,78.09,84,2.91,2803,97.09,1350,48.16,515,18.37,206,7.35,458,16.34,191,6.81,18,0.64,25,0.89,13,0.46,4,0.14,3,0.11,20,0.71,9-28-08,16:53:51,9-28-08,16:53:51
41112,Mitterkirchen im Machland     ,1372,1154,84.11,42,3.64,1112,96.36,353,31.74,430,38.67,72,6.47,157,14.12,72,6.47,9,0.81,4,0.36,2,0.18,8,0.72,0,0.00,5,0.45,9-28-08,16:27:19,9-28-08,16:51:25
41113,Münzbach                      ,1316,1086,82.52,53,4.88,1033,95.12,199,19.26,465,45.01,39,3.78,202,19.55,88,8.52,8,0.77,1,0.10,5,0.48,17,1.65,0,0.00,9,0.87,9-28-08,17:21:15,9-28-08,17:21:15
41114,Naarn im Machlande            ,2691,2282,84.80,72,3.16,2210,96.84,749,33.89,746,33.76,109,4.93,384,17.38,156,7.06,23,1.04,14,0.63,4,0.18,15,0.68,0,0.00,10,0.45,9-28-08,17:22:17,9-28-08,18:11:05
41115,Pabneukirchen                 ,1362,1106,81.20,39,3.53,1067,96.47,227,21.27,476,44.61,52,4.87,172,16.12,102,9.56,10,0.94,6,0.56,3,0.28,7,0.66,0,0.00,12,1.12,9-28-08,14:53:27,9-28-08,14:53:27
41116,Perg                          ,5777,4486,77.65,145,3.23,4341,96.77,1459,33.61,1197,27.57,393,9.05,769,17.71,365,8.41,47,1.08,33,0.76,21,0.48,32,0.74,2,0.05,23,0.53,9-28-08,18:08:06,9-28-08,18:08:06
41117,Rechberg                      ,716,611,85.34,15,2.45,596,97.55,97,16.28,345,57.89,33,5.54,49,8.22,35,5.87,2,0.34,0,0.00,1,0.17,26,4.36,1,0.17,7,1.17,9-28-08,13:51:25,9-28-08,13:51:25
41118,Ried in der Riedmark          ,3217,2645,82.22,67,2.53,2578,97.47,1063,41.23,701,27.19,198,7.68,364,14.12,160,6.21,16,0.62,29,1.12,14,0.54,13,0.50,0,0.00,20,0.78,9-28-08,16:38:36,9-28-08,16:38:36
41119,St.Georgen am Walde           ,1701,1374,80.78,69,5.02,1305,94.98,445,34.10,437,33.49,61,4.67,203,15.56,117,8.97,3,0.23,2,0.15,0,0.00,26,1.99,0,0.00,11,0.84,9-28-08,16:22:59,9-28-08,16:22:59
41120,St.Georgen an der Gusen       ,2949,2415,81.89,59,2.44,2356,97.56,1072,45.50,442,18.76,241,10.23,346,14.69,152,6.45,29,1.23,27,1.15,15,0.64,14,0.59,1,0.04,17,0.72,9-28-08,17:22:24,9-28-08,17:22:24
41121,St.Nikola an der Donau        ,609,507,83.25,10,1.97,497,98.03,156,31.39,203,40.85,29,5.84,65,13.08,32,6.44,2,0.40,3,0.60,4,0.80,2,0.40,0,0.00,1,0.20,9-28-08,15:01:10,9-28-08,15:01:10
41122,St.Thomas am Blasenstein      ,682,573,84.02,37,6.46,536,93.54,91,16.98,279,52.05,22,4.10,73,13.62,41,7.65,8,1.49,0,0.00,1,0.19,20,3.73,0,0.00,1,0.19,9-28-08,13:03:22,9-28-08,13:03:22
41123,Saxen                         ,1355,1186,87.53,40,3.37,1146,96.63,311,27.14,326,28.45,68,5.93,312,27.23,98,8.55,5,0.44,5,0.44,1,0.09,7,0.61,0,0.00,13,1.13,9-28-08,17:21:47,9-28-08,17:21:47
41124,Schwertberg                   ,4026,3237,80.40,83,2.56,3154,97.44,1384,43.88,605,19.18,283,8.97,582,18.45,202,6.40,18,0.57,29,0.92,22,0.70,8,0.25,2,0.06,19,0.60,9-28-08,17:08:40,9-28-08,17:08:40
41125,Waldhausen im Strudengau      ,2306,1957,85.05,63,3.22,1894,96.78,591,31.20,646,34.11,103,5.44,338,17.85,154,8.13,4,0.21,6,0.32,7,0.37,25,1.32,1,0.05,19,1.00,9-28-08,19:09:11,9-28-08,19:09:11
41126,Windhaag bei Perg             ,1073,903,84.16,38,4.21,865,95.79,160,18.50,376,43.47,58,6.71,114,13.18,97,11.21,14,1.62,8,0.92,10,1.16,20,2.31,0,0.00,8,0.92,9-28-08,16:18:25,9-28-08,16:18:25
41199,Wahlkarten Perg                          ,0,2337,0.00,56,2.40,2281,97.60,738,32.35,676,29.64,305,13.37,278,12.19,139,6.09,21,0.92,55,2.41,13,0.57,29,1.27,2,0.09,25,1.10,9-30-08,18:34:50,10-06-08,15:54:38
41200,Bezirk Ried im Innkreis              ,45769,36637,80.05,1185,3.23,35452,96.77,7624,21.51,11565,32.62,2921,8.24,8767,24.73,3014,8.50,343,0.97,319,0.90,182,0.51,326,0.92,13,0.04,378,1.07,9-28-08,16:58:07,10-06-08,15:49:29
41201,Andrichsfurt                  ,571,404,70.75,18,4.46,386,95.54,34,8.81,162,41.97,31,8.03,109,28.24,28,7.25,2,0.52,6,1.55,3,0.78,3,0.78,1,0.26,7,1.81,9-28-08,13:22:37,9-28-08,13:22:37
41202,Antiesenhofen                 ,825,606,73.45,12,1.98,594,98.02,158,26.60,160,26.94,43,7.24,109,18.35,105,17.68,2,0.34,5,0.84,6,1.01,0,0.00,0,0.00,6,1.01,9-28-08,13:34:21,9-28-08,13:34:21
41203,Aurolzmünster                 ,2319,1657,71.45,65,3.92,1592,96.08,396,24.87,354,22.24,81,5.09,492,30.90,186,11.68,34,2.14,12,0.75,12,0.75,9,0.57,1,0.06,15,0.94,9-28-08,14:48:06,9-28-08,14:48:06
41204,Eberschwang                   ,2667,2075,77.80,89,4.29,1986,95.71,589,29.66,483,24.32,143,7.20,515,25.93,173,8.71,21,1.06,11,0.55,13,0.65,17,0.86,1,0.05,20,1.01,9-28-08,16:05:10,9-28-08,16:05:10
41205,Eitzing                       ,587,459,78.19,12,2.61,447,97.39,106,23.71,144,32.21,31,6.94,115,25.73,25,5.59,4,0.89,1,0.22,5,1.12,3,0.67,0,0.00,13,2.91,9-28-08,14:07:49,9-28-08,14:07:49
41206,Geiersberg                    ,441,327,74.15,12,3.67,315,96.33,70,22.22,105,33.33,29,9.21,73,23.17,22,6.98,3,0.95,0,0.00,0,0.00,10,3.17,1,0.32,2,0.63,9-28-08,13:24:57,9-28-08,13:24:57
41207,Geinberg                      ,1045,788,75.41,27,3.43,761,96.57,148,19.45,219,28.78,49,6.44,245,32.19,59,7.75,7,0.92,5,0.66,8,1.05,12,1.58,0,0.00,9,1.18,9-28-08,14:27:53,9-28-08,14:27:53
41208,Gurten                        ,896,689,76.90,23,3.34,666,96.66,124,18.62,264,39.64,50,7.51,134,20.12,77,11.56,3,0.45,3,0.45,1,0.15,3,0.45,0,0.00,7,1.05,9-28-08,13:39:56,9-28-08,13:39:56
41209,Hohenzell                     ,1596,1224,76.69,48,3.92,1176,96.08,178,15.14,471,40.05,113,9.61,230,19.56,91,7.74,7,0.60,14,1.19,7,0.60,42,3.57,1,0.09,22,1.87,9-28-08,16:21:10,9-28-08,16:21:10
41210,Kirchdorf am Inn              ,469,387,82.52,7,1.81,380,98.19,74,19.47,177,46.58,17,4.47,73,19.21,27,7.11,4,1.05,1,0.26,1,0.26,1,0.26,0,0.00,5,1.32,9-28-08,13:17:48,9-28-08,13:17:48
41211,Kirchheim im Innkreis         ,548,447,81.57,21,4.70,426,95.30,65,15.26,172,40.38,27,6.34,112,26.29,28,6.57,4,0.94,2,0.47,5,1.17,6,1.41,1,0.23,4,0.94,9-28-08,13:14:39,9-28-08,13:14:39
41212,Lambrechten                   ,1028,800,77.82,24,3.00,776,97.00,116,14.95,328,42.27,37,4.77,227,29.25,42,5.41,4,0.52,2,0.26,4,0.52,5,0.64,0,0.00,11,1.42,9-28-08,15:45:32,9-28-08,15:45:32
41213,Lohnsburg am Kobernaußerwald  ,1831,1319,72.04,33,2.50,1286,97.50,219,17.03,487,37.87,61,4.74,352,27.37,103,8.01,20,1.56,5,0.39,6,0.47,23,1.79,0,0.00,10,0.78,9-28-08,14:04:37,9-28-08,14:04:37
41214,Mehrnbach                     ,1871,1408,75.25,44,3.13,1364,96.88,263,19.28,382,28.01,96,7.04,471,34.53,88,6.45,14,1.03,12,0.88,3,0.22,18,1.32,0,0.00,17,1.25,9-28-08,14:56:15,9-28-08,14:56:15
41215,Mettmach                      ,2028,1480,72.98,69,4.66,1411,95.34,353,25.02,390,27.64,52,3.69,391,27.71,165,11.69,20,1.42,7,0.50,7,0.50,15,1.06,2,0.14,9,0.64,9-28-08,15:45:49,9-28-08,15:45:49
41216,Mörschwang                    ,237,185,78.06,9,4.86,176,95.14,17,9.66,93,52.84,12,6.82,31,17.61,16,9.09,0,0.00,1,0.57,1,0.57,0,0.00,0,0.00,5,2.84,9-28-08,12:55:34,9-28-08,12:55:34
41217,Mühlheim am Inn               ,507,393,77.51,14,3.56,379,96.44,116,30.61,105,27.70,25,6.60,69,18.21,35,9.23,6,1.58,9,2.37,1,0.26,6,1.58,0,0.00,7,1.85,9-28-08,14:48:57,9-28-08,14:48:57
41218,Neuhofen im Innkreis          ,1731,1285,74.23,42,3.27,1243,96.73,298,23.97,412,33.15,113,9.09,270,21.72,93,7.48,7,0.56,12,0.97,2,0.16,21,1.69,0,0.00,15,1.21,9-28-08,15:46:15,9-28-08,15:46:15
41219,Obernberg am Inn              ,1210,798,65.95,14,1.75,784,98.25,201,25.64,200,25.51,50,6.38,216,27.55,95,12.12,6,0.77,3,0.38,1,0.13,1,0.13,0,0.00,11,1.40,9-28-08,15:55:10,9-28-08,15:55:10
41220,Ort im Innkreis               ,916,690,75.33,20,2.90,670,97.10,112,16.72,212,31.64,33,4.93,211,31.49,80,11.94,10,1.49,3,0.45,1,0.15,4,0.60,0,0.00,4,0.60,9-28-08,15:29:30,9-28-08,15:29:30
41221,Pattigham                     ,700,548,78.29,19,3.47,529,96.53,73,13.80,215,40.64,36,6.81,145,27.41,43,8.13,3,0.57,1,0.19,1,0.19,8,1.51,0,0.00,4,0.76,9-28-08,13:04:21,9-28-08,13:04:21
41222,Peterskirchen                 ,571,433,75.83,14,3.23,419,96.77,31,7.40,227,54.18,28,6.68,90,21.48,29,6.92,1,0.24,1,0.24,0,0.00,8,1.91,0,0.00,4,0.95,9-28-08,15:30:01,9-28-08,15:30:01
41223,Pramet                        ,804,624,77.61,17,2.72,607,97.28,130,21.42,191,31.47,38,6.26,176,29.00,47,7.74,7,1.15,6,0.99,7,1.15,0,0.00,0,0.00,5,0.82,9-28-08,13:34:41,9-28-08,13:34:41
41224,Reichersberg                  ,1077,803,74.56,36,4.48,767,95.52,167,21.77,280,36.51,58,7.56,181,23.60,58,7.56,4,0.52,5,0.65,1,0.13,3,0.39,1,0.13,9,1.17,9-28-08,13:18:32,9-28-08,13:18:32
41225,Ried im Innkreis              ,8551,6027,70.48,150,2.49,5877,97.51,1504,25.59,1467,24.96,700,11.91,1455,24.76,488,8.30,51,0.87,84,1.43,41,0.70,40,0.68,2,0.03,45,0.77,9-28-08,16:58:07,9-28-08,16:58:07
41226,St.Georgen b. Obernberg am Inn,476,372,78.15,16,4.30,356,95.70,39,10.96,193,54.21,46,12.92,49,13.76,21,5.90,1,0.28,3,0.84,2,0.56,1,0.28,0,0.00,1,0.28,9-28-08,14:49:12,9-28-08,14:49:12
41227,St.Marienkirchen am Hausruck  ,626,481,76.84,11,2.29,470,97.71,51,10.85,194,41.28,32,6.81,145,30.85,21,4.47,4,0.85,1,0.21,2,0.43,16,3.40,0,0.00,4,0.85,9-28-08,13:42:34,9-28-08,13:42:34
41228,St.Martin im Innkreis         ,1273,896,70.38,25,2.79,871,97.21,217,24.91,216,24.80,77,8.84,244,28.01,84,9.64,9,1.03,9,1.03,3,0.34,0,0.00,0,0.00,12,1.38,9-28-08,16:05:45,9-28-08,16:05:45
41229,Schildorn                     ,852,673,78.99,18,2.67,655,97.33,179,27.33,237,36.18,27,4.12,139,21.22,48,7.33,6,0.92,3,0.46,4,0.61,2,0.31,0,0.00,10,1.53,9-28-08,13:04:04,9-28-08,13:04:04
41230,Senftenbach                   ,575,472,82.09,26,5.51,446,94.49,84,18.83,181,40.58,27,6.05,108,24.22,31,6.95,2,0.45,7,1.57,2,0.45,0,0.00,0,0.00,4,0.90,9-28-08,13:25:22,9-28-08,13:25:22
41231,Taiskirchen im Innkreis       ,1930,1510,78.24,56,3.71,1454,96.29,281,19.33,628,43.19,112,7.70,282,19.39,102,7.02,14,0.96,5,0.34,8,0.55,8,0.55,1,0.07,13,0.89,9-28-08,14:32:18,9-28-08,14:32:18
41232,Tumeltsham                    ,1193,920,77.12,31,3.37,889,96.63,126,14.17,281,31.61,107,12.04,258,29.02,73,8.21,2,0.22,15,1.69,2,0.22,9,1.01,0,0.00,16,1.80,9-28-08,15:30:21,9-28-08,15:30:21
41233,Utzenaich                     ,1182,905,76.57,28,3.09,877,96.91,183,20.87,322,36.72,56,6.39,193,22.01,87,9.92,9,1.03,5,0.57,6,0.68,4,0.46,1,0.11,11,1.25,9-28-08,15:42:50,9-28-08,15:42:50
41234,Waldzell                      ,1703,1279,75.10,51,3.99,1228,96.01,353,28.75,417,33.96,78,6.35,243,19.79,96,7.82,13,1.06,5,0.41,5,0.41,6,0.49,0,0.00,12,0.98,9-28-08,14:28:14,9-28-08,14:28:14
41235,Weilbach                      ,486,370,76.13,14,3.78,356,96.22,42,11.80,165,46.35,25,7.02,79,22.19,39,10.96,3,0.84,1,0.28,2,0.56,0,0.00,0,0.00,0,0.00,9-28-08,13:42:50,9-28-08,13:42:50
41236,Wippenham                     ,447,375,83.89,17,4.53,358,95.47,91,25.42,137,38.27,21,5.87,80,22.35,21,5.87,3,0.84,0,0.00,0,0.00,0,0.00,0,0.00,5,1.40,9-28-08,15:12:50,9-28-08,15:12:50
41299,Wahlkarten Ried im Innkreis              ,0,2528,0.00,53,2.10,2475,97.90,436,17.62,894,36.12,360,14.55,455,18.38,188,7.60,33,1.33,54,2.18,9,0.36,22,0.89,0,0.00,24,0.97,9-30-08,15:26:30,10-06-08,15:49:29
41300,Bezirk Rohrbach                      ,45922,38393,83.60,1447,3.77,36946,96.23,7852,21.25,15258,41.30,3003,8.13,5884,15.93,3322,8.99,303,0.82,314,0.85,202,0.55,438,1.19,14,0.04,356,0.96,9-28-08,17:04:37,10-06-08,14:53:35
41301,Afiesl                        ,337,270,80.12,8,2.96,262,97.04,59,22.52,101,38.55,20,7.63,42,16.03,24,9.16,5,1.91,2,0.76,3,1.15,2,0.76,0,0.00,4,1.53,9-28-08,14:22:06,9-28-08,14:22:06
41302,Ahorn                         ,402,346,86.07,9,2.60,337,97.40,67,19.88,146,43.32,21,6.23,74,21.96,22,6.53,0,0.00,1,0.30,2,0.59,2,0.59,0,0.00,2,0.59,9-28-08,13:41:51,9-28-08,13:41:51
41303,Aigen im Mühlkreis            ,1549,1144,73.85,40,3.50,1104,96.50,264,23.91,407,36.87,98,8.88,186,16.85,115,10.42,7,0.63,12,1.09,5,0.45,4,0.36,0,0.00,6,0.54,9-28-08,16:01:24,9-28-08,16:01:24
41304,Altenfelden                   ,1748,1368,78.26,65,4.75,1303,95.25,307,23.56,419,32.16,95,7.29,271,20.80,145,11.13,19,1.46,12,0.92,8,0.61,16,1.23,0,0.00,11,0.84,9-28-08,15:03:50,9-28-08,16:14:49
41305,Arnreit                       ,882,747,84.69,35,4.69,712,95.31,99,13.90,373,52.39,52,7.30,85,11.94,85,11.94,1,0.14,1,0.14,2,0.28,4,0.56,0,0.00,10,1.40,9-28-08,15:51:45,9-28-08,15:51:45
41306,Atzesberg                     ,380,324,85.26,16,4.94,308,95.06,28,9.09,173,56.17,22,7.14,46,14.94,31,10.06,0,0.00,1,0.32,2,0.65,5,1.62,0,0.00,0,0.00,9-28-08,14:22:14,9-28-08,14:22:14
41307,Auberg                        ,422,330,78.20,10,3.03,320,96.97,38,11.88,160,50.00,28,8.75,48,15.00,29,9.06,4,1.25,0,0.00,2,0.63,7,2.19,0,0.00,4,1.25,9-28-08,13:22:28,9-29-08,7:45:37
41308,Berg bei Rohrbach             ,2124,1613,75.94,68,4.22,1545,95.78,305,19.74,597,38.64,155,10.03,240,15.53,163,10.55,12,0.78,15,0.97,5,0.32,28,1.81,0,0.00,25,1.62,9-28-08,17:04:28,9-28-08,17:04:28
41309,Haslach an der Mühl           ,2123,1605,75.60,59,3.68,1546,96.32,535,34.61,447,28.91,156,10.09,222,14.36,122,7.89,17,1.10,14,0.91,3,0.19,15,0.97,0,0.00,15,0.97,9-28-08,14:27:06,9-28-08,14:27:06
41310,Helfenberg                    ,808,681,84.28,33,4.85,648,95.15,145,22.38,263,40.59,44,6.79,101,15.59,57,8.80,9,1.39,10,1.54,5,0.77,1,0.15,0,0.00,13,2.01,9-28-08,14:47:17,9-28-08,14:47:17
41311,Hörbich                       ,318,266,83.65,9,3.38,257,96.62,21,8.17,152,59.14,7,2.72,43,16.73,20,7.78,1,0.39,1,0.39,1,0.39,5,1.95,0,0.00,6,2.33,9-28-08,14:47:26,9-28-08,14:47:26
41312,Hofkirchen im Mühlkreis       ,1188,898,75.59,36,4.01,862,95.99,193,22.39,367,42.58,90,10.44,122,14.15,51,5.92,11,1.28,4,0.46,5,0.58,11,1.28,0,0.00,8,0.93,9-28-08,15:03:57,9-28-08,15:03:57
41313,Julbach                       ,1321,1043,78.96,39,3.74,1004,96.26,343,34.16,323,32.17,42,4.18,156,15.54,97,9.66,7,0.70,6,0.60,9,0.90,11,1.10,0,0.00,10,1.00,9-28-08,16:08:04,9-28-08,16:08:04
41314,Kirchberg ob der Donau        ,859,709,82.54,16,2.26,693,97.74,181,26.12,266,38.38,46,6.64,109,15.73,62,8.95,6,0.87,6,0.87,7,1.01,3,0.43,1,0.14,6,0.87,9-28-08,15:42:05,9-28-08,15:42:05
41315,Klaffer am Hochficht          ,1037,820,79.07,25,3.05,795,96.95,250,31.45,257,32.33,30,3.77,165,20.75,71,8.93,2,0.25,1,0.13,4,0.50,4,0.50,0,0.00,11,1.38,9-28-08,15:32:09,9-28-08,15:32:09
41316,Kleinzell im Mühlkreis        ,1144,875,76.49,35,4.00,840,96.00,231,27.50,278,33.10,74,8.81,117,13.93,101,12.02,14,1.67,6,0.71,4,0.48,3,0.36,1,0.12,11,1.31,9-28-08,16:31:48,9-29-08,7:40:27
41317,Kollerschlag                  ,1196,943,78.85,51,5.41,892,94.59,158,17.71,377,42.26,28,3.14,203,22.76,72,8.07,5,0.56,3,0.34,1,0.11,39,4.37,1,0.11,5,0.56,9-28-08,15:51:57,9-28-08,15:51:57
41318,Lembach im Mühlkreis          ,1279,1001,78.26,45,4.50,956,95.50,210,21.97,381,39.85,75,7.85,157,16.42,71,7.43,11,1.15,24,2.51,8,0.84,13,1.36,1,0.10,5,0.52,9-28-08,16:28:32,9-28-08,16:28:32
41319,Lichtenau im Mühlkreis        ,451,359,79.60,26,7.24,333,92.76,56,16.82,161,48.35,17,5.11,56,16.82,31,9.31,1,0.30,1,0.30,1,0.30,6,1.80,1,0.30,2,0.60,9-28-08,14:12:11,9-28-08,14:12:11
41320,Nebelberg                     ,513,441,85.96,13,2.95,428,97.05,92,21.50,209,48.83,19,4.44,57,13.32,33,7.71,3,0.70,6,1.40,2,0.47,2,0.47,0,0.00,5,1.17,9-28-08,15:52:05,9-28-08,15:52:05
41321,Neufelden                     ,974,747,76.69,34,4.55,713,95.45,169,23.70,273,38.29,99,13.88,90,12.62,39,5.47,11,1.54,17,2.38,3,0.42,10,1.40,0,0.00,2,0.28,9-28-08,14:47:36,9-29-08,7:40:45
41322,Niederkappel                  ,845,672,79.53,46,6.85,626,93.15,113,18.05,311,49.68,25,3.99,97,15.50,54,8.63,6,0.96,3,0.48,4,0.64,9,1.44,0,0.00,4,0.64,9-28-08,14:12:20,9-28-08,14:12:20
41323,Niederwaldkirchen             ,1394,1138,81.64,39,3.43,1099,96.57,205,18.65,514,46.77,80,7.28,149,13.56,117,10.65,5,0.45,6,0.55,6,0.55,7,0.64,0,0.00,10,0.91,9-28-08,14:43:49,9-28-08,14:43:49
41324,Oberkappel                    ,542,403,74.35,19,4.71,384,95.29,55,14.32,200,52.08,17,4.43,55,14.32,32,8.33,10,2.60,2,0.52,1,0.26,6,1.56,1,0.26,5,1.30,9-28-08,15:04:08,9-28-08,15:04:08
41325,Oepping                       ,1299,992,76.37,33,3.33,959,96.67,175,18.25,400,41.71,80,8.34,168,17.52,94,9.80,14,1.46,7,0.73,3,0.31,7,0.73,1,0.10,10,1.04,9-28-08,14:56:55,9-28-08,14:56:55
41326,Peilstein im Mühlviertel      ,1310,1028,78.47,53,5.16,975,94.84,209,21.44,442,45.33,33,3.38,170,17.44,79,8.10,1,0.10,5,0.51,5,0.51,24,2.46,0,0.00,7,0.72,9-28-08,17:04:37,9-28-08,17:04:37
41327,Pfarrkirchen im Mühlkreis     ,1171,909,77.63,35,3.85,874,96.15,124,14.19,432,49.43,54,6.18,155,17.73,63,7.21,4,0.46,13,1.49,9,1.03,11,1.26,0,0.00,9,1.03,9-28-08,15:36:57,9-28-08,15:36:57
41328,Putzleinsdorf                 ,1238,951,76.82,24,2.52,927,97.48,118,12.73,425,45.85,64,6.90,147,15.86,111,11.97,2,0.22,12,1.29,6,0.65,35,3.78,0,0.00,7,0.76,9-28-08,16:02:35,9-29-08,7:41:08
41329,Neustift im Mühlkreis         ,1154,896,77.64,23,2.57,873,97.43,149,17.07,432,49.48,70,8.02,126,14.43,67,7.67,1,0.11,4,0.46,3,0.34,7,0.80,0,0.00,14,1.60,9-28-08,14:47:45,9-28-08,14:47:45
41330,Rohrbach in Oberösterreich    ,1959,1496,76.37,65,4.34,1431,95.66,299,20.89,519,36.27,189,13.21,218,15.23,130,9.08,12,0.84,14,0.98,13,0.91,21,1.47,0,0.00,16,1.12,9-28-08,16:31:56,9-28-08,16:55:25
41331,St.Johann am Wimberg          ,793,659,83.10,21,3.19,638,96.81,114,17.87,261,40.91,35,5.49,110,17.24,86,13.48,8,1.25,5,0.78,3,0.47,2,0.31,0,0.00,14,2.19,9-28-08,13:47:28,9-28-08,13:47:28
41332,St.Martin im Mühlkreis        ,2882,2302,79.88,76,3.30,2226,96.70,527,23.67,795,35.71,220,9.88,389,17.48,189,8.49,24,1.08,21,0.94,9,0.40,27,1.21,0,0.00,25,1.12,9-28-08,16:48:57,9-28-08,16:48:57
41333,St.Oswald bei Haslach         ,443,321,72.46,21,6.54,300,93.46,71,23.67,145,48.33,12,4.00,32,10.67,32,10.67,2,0.67,1,0.33,0,0.00,3,1.00,1,0.33,1,0.33,9-28-08,13:02:04,9-28-08,13:02:04
41334,St.Peter am Wimberg           ,1407,1111,78.96,38,3.42,1073,96.58,183,17.05,525,48.93,81,7.55,154,14.35,90,8.39,13,1.21,11,1.03,2,0.19,8,0.75,0,0.00,6,0.56,9-28-08,14:22:23,9-28-08,14:22:23
41335,St.Stefan am Walde            ,665,556,83.61,25,4.50,531,95.50,103,19.40,228,42.94,49,9.23,57,10.73,68,12.81,1,0.19,6,1.13,3,0.56,12,2.26,0,0.00,4,0.75,9-28-08,14:03:18,9-29-08,7:45:21
41336,St.Ulrich im Mühlkreis        ,485,393,81.03,11,2.80,382,97.20,60,15.71,180,47.12,47,12.30,48,12.57,29,7.59,7,1.83,1,0.26,5,1.31,2,0.52,1,0.26,2,0.52,9-28-08,13:14:27,9-28-08,13:14:27
41337,St.Veit im Mühlkreis          ,955,764,80.00,23,3.01,741,96.99,150,20.24,322,43.45,58,7.83,125,16.87,52,7.02,5,0.67,11,1.48,4,0.54,2,0.27,0,0.00,12,1.62,9-28-08,13:52:20,9-28-08,13:52:20
41338,Sarleinsbach                  ,1810,1448,80.00,53,3.66,1395,96.34,195,13.98,722,51.76,100,7.17,231,16.56,97,6.95,8,0.57,5,0.36,6,0.43,25,1.79,0,0.00,6,0.43,9-28-08,16:49:10,9-28-08,16:49:10
41339,Schlägl                       ,1104,839,76.00,20,2.38,819,97.62,227,27.72,314,38.34,55,6.72,115,14.04,89,10.87,2,0.24,2,0.24,4,0.49,6,0.73,0,0.00,5,0.61,9-28-08,14:51:48,9-28-08,14:51:48
41340,Schönegg                      ,436,364,83.49,14,3.85,350,96.15,94,26.86,141,40.29,16,4.57,58,16.57,37,10.57,1,0.29,0,0.00,0,0.00,0,0.00,0,0.00,3,0.86,9-28-08,14:03:30,9-28-08,14:03:30
41341,Schwarzenberg am Böhmerwald   ,513,390,76.02,16,4.10,374,95.90,81,21.66,162,43.32,5,1.34,77,20.59,44,11.76,0,0.00,1,0.27,2,0.53,1,0.27,0,0.00,1,0.27,9-28-08,14:38:17,9-28-08,14:38:17
41342,Ulrichsberg                   ,2462,1891,76.81,60,3.17,1831,96.83,424,23.16,686,37.47,141,7.70,335,18.30,182,9.94,9,0.49,7,0.38,23,1.26,10,0.55,2,0.11,12,0.66,9-28-08,16:32:03,9-28-08,16:32:03
41399,Wahlkarten Rohrbach                      ,0,2340,0.00,60,2.56,2280,97.44,425,18.64,972,42.63,354,15.53,278,12.19,139,6.10,22,0.96,34,1.49,9,0.39,22,0.96,3,0.13,22,0.96,9-30-08,15:01:41,10-06-08,14:53:35
41400,Bezirk Schärding                     ,44487,36003,80.93,1033,2.87,34970,97.13,7829,22.39,12488,35.71,2193,6.27,8115,23.21,2895,8.28,462,1.32,223,0.64,158,0.45,243,0.69,9,0.03,355,1.02,9-28-08,19:01:55,10-06-08,14:33:47
41401,Altschwendt                   ,512,427,83.40,11,2.58,416,97.42,92,22.12,165,39.66,29,6.97,78,18.75,40,9.62,3,0.72,3,0.72,1,0.24,4,0.96,0,0.00,1,0.24,9-28-08,16:05:54,9-28-08,17:26:55
41402,Andorf                        ,3921,2983,76.08,72,2.41,2911,97.59,874,30.02,881,30.26,140,4.81,696,23.91,222,7.63,33,1.13,19,0.65,11,0.38,9,0.31,1,0.03,25,0.86,9-28-08,17:40:13,9-28-08,17:40:13
41403,Brunnenthal                   ,1536,1131,73.63,39,3.45,1092,96.55,237,21.70,352,32.23,101,9.25,256,23.44,84,7.69,13,1.19,13,1.19,8,0.73,8,0.73,0,0.00,20,1.83,9-28-08,18:04:36,9-28-08,18:04:36
41404,Diersbach                     ,1288,997,77.41,23,2.31,974,97.69,205,21.05,365,37.47,67,6.88,199,20.43,95,9.75,22,2.26,3,0.31,4,0.41,6,0.62,0,0.00,8,0.82,9-28-08,15:53:54,9-28-08,15:53:54
41405,Dorf an der Pram              ,824,650,78.88,22,3.38,628,96.62,124,19.75,307,48.89,28,4.46,105,16.72,44,7.01,5,0.80,1,0.16,1,0.16,6,0.96,0,0.00,7,1.11,9-28-08,14:28:10,9-28-08,17:59:51
41406,Eggerding                     ,1014,809,79.78,37,4.57,772,95.43,129,16.71,303,39.25,33,4.27,206,26.68,77,9.97,5,0.65,3,0.39,1,0.13,5,0.65,0,0.00,10,1.30,9-28-08,16:56:43,9-28-08,16:56:43
41407,Engelhartszell                ,857,638,74.45,19,2.98,619,97.02,120,19.39,245,39.58,40,6.46,130,21.00,56,9.05,9,1.45,5,0.81,6,0.97,5,0.81,0,0.00,3,0.48,9-28-08,15:42:32,9-28-08,15:42:32
41408,Enzenkirchen                  ,1438,1110,77.19,40,3.60,1070,96.40,322,30.09,304,28.41,40,3.74,276,25.79,105,9.81,7,0.65,2,0.19,2,0.19,4,0.37,0,0.00,8,0.75,9-28-08,17:52:34,9-28-08,17:52:34
41409,Esternberg                    ,2229,1714,76.90,40,2.33,1674,97.67,229,13.68,676,40.38,72,4.30,442,26.40,146,8.72,53,3.17,7,0.42,10,0.60,13,0.78,0,0.00,26,1.55,9-28-08,17:41:36,9-28-08,17:41:36
41410,Freinberg                     ,1059,757,71.48,23,3.04,734,96.96,191,26.02,338,46.05,30,4.09,125,17.03,33,4.50,4,0.54,4,0.54,5,0.68,2,0.27,0,0.00,2,0.27,9-28-08,16:45:36,9-28-08,16:45:36
41411,Kopfing im Innkreis           ,1636,1192,72.86,53,4.45,1139,95.55,209,18.35,398,34.94,61,5.36,282,24.76,112,9.83,20,1.76,11,0.97,3,0.26,31,2.72,1,0.09,11,0.97,9-28-08,16:08:21,9-28-08,16:08:21
41412,Mayrhof                       ,214,179,83.64,13,7.26,166,92.74,16,9.64,102,61.45,6,3.61,35,21.08,3,1.81,2,1.20,1,0.60,0,0.00,0,0.00,0,0.00,1,0.60,9-28-08,12:58:52,9-28-08,12:58:52
41413,Münzkirchen                   ,2064,1537,74.47,56,3.64,1481,96.36,256,17.29,607,40.99,114,7.70,347,23.43,114,7.70,14,0.95,7,0.47,8,0.54,7,0.47,0,0.00,7,0.47,9-28-08,16:04:02,9-28-08,16:04:02
41414,Raab                          ,1835,1416,77.17,74,5.23,1342,94.77,229,17.06,406,30.25,105,7.82,406,30.25,139,10.36,23,1.71,13,0.97,3,0.22,3,0.22,0,0.00,15,1.12,9-28-08,16:57:50,9-28-08,16:57:50
41415,Rainbach im Innkreis          ,1192,930,78.02,15,1.61,915,98.39,179,19.56,357,39.02,53,5.79,198,21.64,85,9.29,12,1.31,2,0.22,2,0.22,8,0.87,0,0.00,19,2.08,9-28-08,19:01:55,9-28-08,19:43:32
41416,Riedau                        ,1544,1171,75.84,36,3.07,1135,96.93,380,33.48,276,24.32,64,5.64,286,25.20,96,8.46,6,0.53,5,0.44,9,0.79,8,0.70,0,0.00,5,0.44,9-28-08,16:06:41,9-28-08,16:06:41
41417,St.Aegidi                     ,1301,1028,79.02,49,4.77,979,95.23,121,12.36,446,45.56,51,5.21,251,25.64,79,8.07,10,1.02,2,0.20,4,0.41,7,0.72,1,0.10,7,0.72,9-28-08,16:38:09,9-28-08,16:38:09
41418,St.Florian am Inn             ,2414,1792,74.23,29,1.62,1763,98.38,518,29.38,462,26.21,105,5.96,465,26.38,126,7.15,26,1.47,12,0.68,11,0.62,14,0.79,0,0.00,24,1.36,9-28-08,18:55:22,9-28-08,18:55:22
41419,St.Marienkirchen bei Schärding,1465,1098,74.95,35,3.19,1063,96.81,185,17.40,369,34.71,56,5.27,319,30.01,89,8.37,18,1.69,8,0.75,12,1.13,0,0.00,0,0.00,7,0.66,9-28-08,15:33:58,9-28-08,15:33:58
41420,St.Roman                      ,1402,1105,78.87,30,2.71,1075,97.29,111,10.33,538,50.05,19,1.77,266,24.74,107,9.95,7,0.65,3,0.28,6,0.56,6,0.56,1,0.09,11,1.02,9-28-08,16:30:20,9-28-08,16:30:20
41421,St.Willibald                  ,922,724,78.52,34,4.70,690,95.30,153,22.17,246,35.65,21,3.04,164,23.77,89,12.90,6,0.87,2,0.29,3,0.43,1,0.14,0,0.00,5,0.72,9-28-08,16:07:16,9-28-08,16:07:16
41422,Schärding                     ,3884,2614,67.30,48,1.84,2566,98.16,810,31.57,625,24.36,222,8.65,647,25.21,155,6.04,24,0.94,29,1.13,12,0.47,10,0.39,1,0.04,31,1.21,9-28-08,18:39:30,9-28-08,18:39:30
41423,Schardenberg                  ,1741,1303,74.84,26,2.00,1277,98.00,191,14.96,570,44.64,64,5.01,247,19.34,129,10.10,17,1.33,5,0.39,5,0.39,32,2.51,1,0.08,16,1.25,9-28-08,19:01:31,9-28-08,19:01:31
41424,Sigharting                    ,635,538,84.72,9,1.67,529,98.33,79,14.93,245,46.31,17,3.21,97,18.34,70,13.23,3,0.57,4,0.76,1,0.19,7,1.32,0,0.00,6,1.13,9-28-08,16:08:49,9-28-08,16:08:49
41425,Suben                         ,961,713,74.19,16,2.24,697,97.76,204,29.27,233,33.43,38,5.45,136,19.51,56,8.03,10,1.43,13,1.87,1,0.14,1,0.14,0,0.00,5,0.72,9-28-08,18:05:02,9-28-08,18:05:02
41426,Taufkirchen an der Pram       ,2282,1742,76.34,61,3.50,1681,96.50,506,30.10,517,30.76,103,6.13,360,21.42,142,8.45,20,1.19,8,0.48,11,0.65,3,0.18,0,0.00,11,0.65,9-28-08,16:36:20,9-28-08,16:36:20
41427,Vichtenstein                  ,489,358,73.21,9,2.51,349,97.49,50,14.33,161,46.13,17,4.87,86,24.64,21,6.02,2,0.57,1,0.29,6,1.72,0,0.00,0,0.00,5,1.43,9-28-08,14:19:38,9-28-08,14:19:38
41428,Waldkirchen am Wesen          ,1054,879,83.40,32,3.64,847,96.36,175,20.66,335,39.55,37,4.37,198,23.38,71,8.38,10,1.18,0,0.00,1,0.12,3,0.35,2,0.24,15,1.77,9-28-08,16:09:27,9-28-08,16:09:27
41429,Wernstein am Inn              ,1215,939,77.28,17,1.81,922,98.19,243,26.36,354,38.39,44,4.77,182,19.74,62,6.72,15,1.63,2,0.22,1,0.11,10,1.08,0,0.00,9,0.98,9-28-08,16:44:58,9-28-08,16:44:58
41430,Zell an der Pram              ,1559,1213,77.81,33,2.72,1180,97.28,215,18.22,490,41.53,113,9.58,231,19.58,85,7.20,29,2.46,5,0.42,1,0.08,5,0.42,0,0.00,6,0.51,9-28-08,16:37:21,9-28-08,16:37:21
41499,Wahlkarten Schärding                     ,0,2316,0.00,32,1.38,2284,98.62,476,20.84,815,35.68,303,13.27,399,17.47,163,7.14,34,1.49,30,1.31,9,0.39,25,1.09,1,0.04,29,1.27,9-30-08,15:54:23,10-06-08,14:33:47
41500,Bezirk Steyr-Land                    ,47154,40323,85.51,1065,2.64,39258,97.36,11978,30.51,11591,29.53,3406,8.68,6224,15.85,4258,10.85,316,0.80,391,1.00,203,0.52,324,0.83,8,0.02,559,1.42,9-28-08,17:19:01,10-06-08,14:27:14
41501,Adlwang                       ,1293,994,76.88,24,2.41,970,97.59,169,17.42,380,39.18,75,7.73,196,20.21,104,10.72,12,1.24,9,0.93,0,0.00,9,0.93,0,0.00,16,1.65,9-28-08,15:16:47,9-28-08,15:16:47
41502,Aschach an der Steyr          ,1766,1377,77.97,32,2.32,1345,97.68,334,24.83,451,33.53,143,10.63,207,15.39,143,10.63,4,0.30,17,1.26,13,0.97,9,0.67,0,0.00,24,1.78,9-28-08,15:11:45,9-28-08,15:23:48
41503,Bad Hall                      ,3802,2820,74.17,92,3.26,2728,96.74,802,29.40,697,25.55,250,9.16,509,18.66,368,13.49,24,0.88,25,0.92,13,0.48,27,0.99,0,0.00,13,0.48,9-28-08,16:26:52,9-28-08,16:26:52
41504,Dietach                       ,2147,1742,81.14,35,2.01,1707,97.99,526,30.81,470,27.53,194,11.36,260,15.23,161,9.43,19,1.11,30,1.76,5,0.29,16,0.94,0,0.00,26,1.52,9-28-08,14:28:05,9-28-08,14:28:05
41505,Gaflenz                       ,1467,1181,80.50,35,2.96,1146,97.04,303,26.44,405,35.34,93,8.12,157,13.70,130,11.34,5,0.44,5,0.44,2,0.17,12,1.05,0,0.00,34,2.97,9-28-08,14:18:14,9-28-08,14:18:14
41506,Garsten                       ,5259,4171,79.31,118,2.83,4053,97.17,1183,29.19,1123,27.71,470,11.60,660,16.28,409,10.09,38,0.94,56,1.38,26,0.64,29,0.72,1,0.02,58,1.43,9-28-08,16:17:41,9-28-08,16:17:41
41507,Großraming                    ,2261,1925,85.14,55,2.86,1870,97.14,612,32.73,585,31.28,146,7.81,259,13.85,182,9.73,23,1.23,18,0.96,10,0.53,7,0.37,1,0.05,27,1.44,9-28-08,16:37:31,9-28-08,17:38:35
41508,Laussa                        ,1048,830,79.20,29,3.49,801,96.51,201,25.09,241,30.09,60,7.49,139,17.35,131,16.35,4,0.50,2,0.25,3,0.37,8,1.00,0,0.00,12,1.50,9-28-08,15:57:49,9-28-08,15:57:49
41509,Losenstein                    ,1375,1102,80.15,24,2.18,1078,97.82,380,35.25,297,27.55,85,7.88,163,15.12,113,10.48,16,1.48,3,0.28,3,0.28,4,0.37,0,0.00,14,1.30,9-28-08,15:42:48,9-28-08,15:42:48
41510,Maria Neustift                ,1339,1143,85.36,34,2.97,1109,97.03,175,15.78,518,46.71,45,4.06,184,16.59,144,12.98,5,0.45,3,0.27,4,0.36,13,1.17,0,0.00,18,1.62,9-28-08,17:07:23,9-28-08,17:07:23
41511,Pfarrkirchen bei Bad Hall     ,1694,1332,78.63,46,3.45,1286,96.55,396,30.79,353,27.45,95,7.39,243,18.90,156,12.13,10,0.78,10,0.78,9,0.70,5,0.39,0,0.00,9,0.70,9-28-08,15:32:21,9-28-08,15:32:21
41512,Reichraming                   ,1503,1274,84.76,25,1.96,1249,98.04,666,53.32,189,15.13,64,5.12,180,14.41,116,9.29,6,0.48,10,0.80,5,0.40,3,0.24,0,0.00,10,0.80,9-28-08,17:03:12,9-28-08,17:03:12
41513,Rohr im Kremstal              ,962,762,79.21,7,0.92,755,99.08,224,29.67,261,34.57,51,6.75,107,14.17,96,12.72,3,0.40,3,0.40,4,0.53,3,0.40,0,0.00,3,0.40,9-28-08,14:33:07,9-28-08,14:33:07
41514,St.Ulrich bei Steyr           ,2498,1965,78.66,58,2.95,1907,97.05,468,24.54,637,33.40,198,10.38,269,14.11,218,11.43,13,0.68,40,2.10,7,0.37,21,1.10,0,0.00,36,1.89,9-28-08,15:57:58,9-28-08,15:57:58
41515,Schiedlberg                   ,994,801,80.58,15,1.87,786,98.13,124,15.78,475,60.43,23,2.93,86,10.94,49,6.23,7,0.89,2,0.25,7,0.89,4,0.51,0,0.00,9,1.15,9-28-08,14:04:34,9-28-08,14:04:34
41516,Sierning                      ,7227,5838,80.78,139,2.38,5699,97.62,2173,38.13,1350,23.69,388,6.81,1010,17.72,556,9.76,47,0.82,39,0.68,38,0.67,41,0.72,3,0.05,54,0.95,9-28-08,16:02:10,9-28-08,17:03:18
41517,Ternberg                      ,2719,2161,79.48,74,3.42,2087,96.58,592,28.37,528,25.30,170,8.15,329,15.76,336,16.10,17,0.81,22,1.05,9,0.43,18,0.86,2,0.10,64,3.07,9-28-08,16:02:15,9-28-08,16:02:15
41518,Waldneukirchen                ,1723,1415,82.12,41,2.90,1374,97.10,315,22.93,540,39.30,71,5.17,218,15.87,150,10.92,8,0.58,9,0.66,6,0.44,33,2.40,0,0.00,24,1.75,9-28-08,14:28:18,9-28-08,14:28:18
41521,Wolfern                       ,2425,1967,81.11,46,2.34,1921,97.66,570,29.67,636,33.11,158,8.22,299,15.56,179,9.32,16,0.83,20,1.04,10,0.52,16,0.83,0,0.00,17,0.88,9-28-08,15:32:28,9-28-08,15:32:28
41522,Weyer  ,3652,2810,76.94,81,2.88,2729,97.12,1113,40.78,615,22.54,226,8.28,412,15.10,258,9.45,16,0.59,17,0.62,15,0.55,21,0.77,1,0.04,35,1.28,9-28-08,17:19:01,9-28-08,17:19:01
41599,Wahlkarten Steyr-Land                    ,0,2713,0.00,55,2.03,2658,97.97,652,24.53,840,31.60,401,15.09,337,12.68,259,9.74,23,0.87,51,1.92,14,0.53,25,0.94,0,0.00,56,2.11,9-30-08,15:57:04,10-06-08,14:27:14
41600,Bezirk Urfahr-Umgebung               ,64770,55303,85.38,1758,3.18,53545,96.82,13917,25.99,16800,31.38,6989,13.05,8209,15.33,4716,8.81,513,0.96,899,1.68,339,0.63,545,1.02,21,0.04,597,1.11,9-28-08,18:02:41,10-06-08,14:46:08
41601,Alberndorf in der Riedmark    ,3002,2419,80.58,85,3.51,2334,96.49,555,23.78,769,32.95,215,9.21,472,20.22,206,8.83,24,1.03,16,0.69,16,0.69,35,1.50,1,0.04,25,1.07,9-28-08,16:20:44,9-28-08,16:20:44
41602,Altenberg bei Linz            ,3451,2808,81.37,77,2.74,2731,97.26,548,20.07,1111,40.68,343,12.56,346,12.67,255,9.34,18,0.66,34,1.24,11,0.40,34,1.24,0,0.00,31,1.14,9-28-08,15:47:29,9-28-08,15:47:29
41603,Bad Leonfelden                ,3159,2520,79.77,121,4.80,2399,95.20,417,17.38,870,36.27,245,10.21,394,16.42,272,11.34,44,1.83,37,1.54,19,0.79,64,2.67,0,0.00,37,1.54,9-28-08,16:39:39,9-28-08,16:39:39
41604,Eidenberg                     ,1547,1251,80.87,44,3.52,1207,96.48,200,16.57,571,47.31,104,8.62,151,12.51,117,9.69,20,1.66,18,1.49,5,0.41,5,0.41,0,0.00,16,1.33,9-28-08,15:18:20,9-28-08,15:18:20
41605,Engerwitzdorf                 ,6590,5107,77.50,163,3.19,4944,96.81,1466,29.65,1127,22.80,624,12.62,921,18.63,534,10.80,52,1.05,62,1.25,35,0.71,69,1.40,2,0.04,52,1.05,9-28-08,17:24:22,9-28-08,17:24:22
41606,Feldkirchen an der Donau      ,4221,3445,81.62,99,2.87,3346,97.13,1038,31.02,921,27.53,320,9.56,544,16.26,366,10.94,27,0.81,57,1.70,21,0.63,18,0.54,3,0.09,31,0.93,9-28-08,17:09:09,9-28-08,17:09:09
41607,Gallneukirchen                ,4940,3811,77.15,98,2.57,3713,97.43,1085,29.22,883,23.78,761,20.50,527,14.19,244,6.57,34,0.92,74,1.99,21,0.57,51,1.37,2,0.05,31,0.83,9-28-08,17:46:13,9-28-08,17:46:13
41608,Goldwörth                     ,728,580,79.67,22,3.79,558,96.21,147,26.34,204,36.56,59,10.57,73,13.08,53,9.50,1,0.18,4,0.72,5,0.90,6,1.08,0,0.00,6,1.08,9-28-08,15:34:25,9-28-08,15:34:25
41609,Gramastetten                  ,3758,3002,79.88,102,3.40,2900,96.60,644,22.21,1103,38.03,343,11.83,441,15.21,230,7.93,26,0.90,54,1.86,12,0.41,20,0.69,1,0.03,26,0.90,9-28-08,17:48:10,9-28-08,17:48:10
41610,Haibach im Mühlkreis          ,660,551,83.48,24,4.36,527,95.64,140,26.57,198,37.57,48,9.11,75,14.23,40,7.59,1,0.19,10,1.90,5,0.95,2,0.38,0,0.00,8,1.52,9-28-08,14:48:50,9-28-08,14:48:50
41611,Hellmonsödt                   ,1721,1354,78.68,34,2.51,1320,97.49,375,28.41,376,28.48,168,12.73,221,16.74,114,8.64,16,1.21,16,1.21,12,0.91,10,0.76,0,0.00,12,0.91,9-28-08,16:50:19,9-28-08,16:50:19
41612,Herzogsdorf                   ,1936,1489,76.91,50,3.36,1439,96.64,303,21.06,585,40.65,86,5.98,240,16.68,157,10.91,17,1.18,16,1.11,10,0.69,5,0.35,2,0.14,18,1.25,9-28-08,14:40:21,9-28-08,14:40:21
41613,Kirchschlag bei Linz          ,1585,1242,78.36,50,4.03,1192,95.97,266,22.32,369,30.96,161,13.51,216,18.12,117,9.82,12,1.01,18,1.51,10,0.84,8,0.67,0,0.00,15,1.26,9-28-08,17:25:35,9-28-08,17:25:35
41614,Lichtenberg                   ,2119,1735,81.88,54,3.11,1681,96.89,408,24.27,573,34.09,256,15.23,234,13.92,130,7.73,11,0.65,31,1.84,6,0.36,17,1.01,3,0.18,12,0.71,9-28-08,17:38:58,9-28-08,17:38:58
41615,Oberneukirchen                ,2533,1997,78.84,87,4.36,1910,95.64,425,22.25,699,36.60,248,12.98,288,15.08,165,8.64,20,1.05,28,1.47,10,0.52,6,0.31,0,0.00,21,1.10,9-28-08,16:03:24,9-28-08,16:03:24
41616,Ottenschlag im Mühlkreis      ,403,315,78.16,13,4.13,302,95.87,86,28.48,107,35.43,19,6.29,56,18.54,23,7.62,3,0.99,0,0.00,0,0.00,0,0.00,0,0.00,8,2.65,9-28-08,14:07:36,9-28-08,14:07:36
41617,Ottensheim                    ,3579,2765,77.26,72,2.60,2693,97.40,706,26.22,717,26.62,542,20.13,352,13.07,228,8.47,36,1.34,53,1.97,18,0.67,13,0.48,1,0.04,27,1.00,9-28-08,18:02:41,9-28-08,18:02:41
41618,Puchenau                      ,3781,2757,72.92,72,2.61,2685,97.39,798,29.72,685,25.51,491,18.29,359,13.37,195,7.26,19,0.71,70,2.61,28,1.04,13,0.48,2,0.07,25,0.93,9-28-08,16:45:13,9-29-08,8:48:29
41619,Reichenau im Mühlkreis        ,953,782,82.06,18,2.30,764,97.70,190,24.87,262,34.29,94,12.30,123,16.10,42,5.50,2,0.26,14,1.83,2,0.26,16,2.09,0,0.00,19,2.49,9-28-08,15:07:59,9-28-08,15:07:59
41620,Reichenthal                   ,1121,905,80.73,29,3.20,876,96.80,193,22.03,373,42.58,63,7.19,129,14.73,79,9.02,8,0.91,11,1.26,5,0.57,7,0.80,0,0.00,8,0.91,9-28-08,15:12:24,9-28-08,15:12:24
41621,St.Gotthard im Mühlkreis      ,1048,867,82.73,31,3.58,836,96.42,225,26.91,262,31.34,98,11.72,153,18.30,61,7.30,8,0.96,5,0.60,5,0.60,4,0.48,0,0.00,15,1.79,9-28-08,16:21:32,9-28-08,16:21:32
41622,Schenkenfelden                ,1259,1014,80.54,44,4.34,970,95.66,180,18.56,395,40.72,77,7.94,149,15.36,121,12.47,6,0.62,8,0.82,5,0.52,12,1.24,0,0.00,17,1.75,9-28-08,15:53:47,9-28-08,15:53:47
41623,Sonnberg im Mühlkreis         ,639,535,83.72,30,5.61,505,94.39,100,19.80,187,37.03,48,9.50,86,17.03,60,11.88,3,0.59,1,0.20,8,1.58,3,0.59,0,0.00,9,1.78,9-28-08,14:02:33,9-28-08,14:31:34
41624,Steyregg                      ,3856,2996,77.70,64,2.14,2932,97.86,1127,38.44,598,20.40,309,10.54,514,17.53,232,7.91,19,0.65,52,1.77,18,0.61,22,0.75,0,0.00,41,1.40,9-28-08,16:22:11,9-28-08,16:22:11
41625,Vorderweißenbach              ,1623,1387,85.46,55,3.97,1332,96.03,239,17.94,584,43.84,88,6.61,226,16.97,131,9.83,7,0.53,10,0.75,5,0.38,32,2.40,0,0.00,10,0.75,9-28-08,15:48:06,9-28-08,15:48:06
41626,Walding                       ,3159,2521,79.80,88,3.49,2433,96.51,860,35.35,673,27.66,284,11.67,308,12.66,178,7.32,21,0.86,55,2.26,12,0.49,16,0.66,2,0.08,24,0.99,9-28-08,16:45:31,9-28-08,22:13:17
41627,Zwettl an der Rodl            ,1399,1120,80.06,25,2.23,1095,97.77,242,22.10,413,37.72,129,11.78,145,13.24,95,8.68,18,1.64,13,1.19,13,1.19,17,1.55,0,0.00,10,0.91,9-28-08,15:08:31,9-28-08,15:08:31
41699,Wahlkarten Urfahr-Umgebung               ,0,4028,0.00,107,2.66,3921,97.34,954,24.33,1185,30.22,766,19.54,466,11.88,271,6.91,40,1.02,132,3.37,22,0.56,40,1.02,2,0.05,43,1.10,9-30-08,16:43:34,10-06-08,14:46:08
41700,Bezirk Vöcklabruck                   ,100100,82492,82.41,2592,3.14,79900,96.86,21941,27.46,21402,26.79,7264,9.09,17941,22.45,7344,9.19,932,1.17,922,1.15,510,0.64,848,1.06,22,0.03,774,0.97,9-28-08,19:08:38,10-06-08,15:45:36
41701,Ampflwang im Hausruckwald     ,2803,2222,79.27,73,3.29,2149,96.71,1022,47.56,261,12.15,96,4.47,468,21.78,214,9.96,18,0.84,18,0.84,18,0.84,19,0.88,2,0.09,13,0.60,9-28-08,17:06:24,9-28-08,17:06:24
41702,Attersee                      ,1274,978,76.77,41,4.19,937,95.81,229,24.44,261,27.85,104,11.10,190,20.28,94,10.03,13,1.39,28,2.99,5,0.53,9,0.96,0,0.00,4,0.43,9-28-08,18:13:36,9-28-08,18:13:36
41703,Attnang-Puchheim              ,6341,4617,72.81,116,2.51,4501,97.49,1789,39.75,678,15.06,404,8.98,1069,23.75,378,8.40,45,1.00,44,0.98,31,0.69,35,0.78,1,0.02,27,0.60,9-28-08,18:06:38,9-28-08,18:06:38
41704,Atzbach                       ,924,768,83.12,33,4.30,735,95.70,98,13.33,309,42.04,51,6.94,185,25.17,53,7.21,4,0.54,6,0.82,7,0.95,17,2.31,0,0.00,5,0.68,9-28-08,15:59:02,9-28-08,15:59:02
41705,Aurach am Hongar              ,1242,1010,81.32,31,3.07,979,96.93,319,32.58,218,22.27,55,5.62,239,24.41,84,8.58,7,0.72,16,1.63,8,0.82,8,0.82,1,0.10,24,2.45,9-28-08,16:26:56,9-28-08,16:26:56
41706,Berg im Attergau              ,761,608,79.89,16,2.63,592,97.37,79,13.34,288,48.65,25,4.22,127,21.45,54,9.12,5,0.84,1,0.17,2,0.34,5,0.84,0,0.00,6,1.01,9-28-08,13:58:28,9-29-08,13:27:25
41707,Desselbrunn                   ,1297,1056,81.42,23,2.18,1033,97.82,303,29.33,339,32.82,87,8.42,187,18.10,77,7.45,8,0.77,6,0.58,7,0.68,16,1.55,0,0.00,3,0.29,9-28-08,18:46:48,9-28-08,18:46:48
41708,Fornach                       ,724,614,84.81,20,3.26,594,96.74,68,11.45,247,41.58,32,5.39,172,28.96,44,7.41,4,0.67,8,1.35,1,0.17,12,2.02,0,0.00,6,1.01,9-28-08,14:13:08,9-28-08,14:13:08
41709,Frankenburg am Hausruck       ,3942,3225,81.81,147,4.56,3078,95.44,945,30.70,699,22.71,197,6.40,859,27.91,230,7.47,70,2.27,20,0.65,16,0.52,24,0.78,0,0.00,18,0.58,9-28-08,17:07:02,9-28-08,17:07:02
41710,Frankenmarkt                  ,2697,1980,73.41,70,3.54,1910,96.46,479,25.08,538,28.17,107,5.60,472,24.71,216,11.31,25,1.31,14,0.73,20,1.05,26,1.36,0,0.00,13,0.68,9-28-08,18:07:34,9-28-08,19:18:47
41711,Gampern                       ,2016,1580,78.37,72,4.56,1508,95.44,304,20.16,461,30.57,140,9.28,357,23.67,175,11.60,18,1.19,13,0.86,11,0.73,13,0.86,1,0.07,15,0.99,9-28-08,17:21:58,9-28-08,17:21:58
41712,Innerschwand                  ,825,613,74.30,25,4.08,588,95.92,59,10.03,314,53.40,55,9.35,83,14.12,51,8.67,7,1.19,5,0.85,3,0.51,5,0.85,0,0.00,6,1.02,9-28-08,15:48:01,9-28-08,15:48:01
41713,Lenzing                       ,4027,3095,76.86,85,2.75,3010,97.25,1374,45.65,295,9.80,187,6.21,811,26.94,246,8.17,34,1.13,19,0.63,14,0.47,12,0.40,1,0.03,17,0.56,9-28-08,17:07:48,9-28-08,17:07:48
41714,Manning                       ,637,525,82.42,17,3.24,508,96.76,129,25.39,186,36.61,40,7.87,69,13.58,44,8.66,6,1.18,0,0.00,4,0.79,23,4.53,0,0.00,7,1.38,9-28-08,15:57:53,9-28-08,15:57:53
41715,Mondsee                       ,2375,1591,66.99,27,1.70,1564,98.30,323,20.65,489,31.27,178,11.38,276,17.65,207,13.24,22,1.41,23,1.47,11,0.70,12,0.77,1,0.06,22,1.41,9-28-08,18:08:32,9-28-08,18:08:32
41716,Neukirchen an der Vöckla      ,1985,1602,80.71,47,2.93,1555,97.07,316,20.32,470,30.23,142,9.13,383,24.63,161,10.35,17,1.09,13,0.84,6,0.39,38,2.44,0,0.00,9,0.58,9-28-08,16:26:17,9-28-08,16:26:17
41717,Niederthalheim                ,813,649,79.83,19,2.93,630,97.07,99,15.71,239,37.94,55,8.73,167,26.51,44,6.98,2,0.32,9,1.43,3,0.48,4,0.63,0,0.00,8,1.27,9-28-08,14:03:05,9-28-08,14:03:05
41718,Nußdorf am Attersee           ,869,617,71.00,23,3.73,594,96.27,80,13.47,229,38.55,44,7.41,160,26.94,55,9.26,7,1.18,10,1.68,2,0.34,3,0.51,0,0.00,4,0.67,9-28-08,15:09:34,9-28-08,15:09:34
41719,Oberhofen am Irrsee           ,1104,883,79.98,27,3.06,856,96.94,172,20.09,334,39.02,67,7.83,157,18.34,71,8.29,10,1.17,12,1.40,1,0.12,7,0.82,0,0.00,25,2.92,9-28-08,19:08:38,9-28-08,19:08:38
41720,Oberndorf bei Schwanenstadt   ,1123,872,77.65,27,3.10,845,96.90,245,28.99,227,26.86,72,8.52,195,23.08,83,9.82,5,0.59,4,0.47,3,0.36,3,0.36,0,0.00,8,0.95,9-28-08,16:31:05,9-28-08,16:31:05
41721,Oberwang                      ,1238,968,78.19,52,5.37,916,94.63,95,10.37,495,54.04,32,3.49,194,21.18,71,7.75,7,0.76,3,0.33,4,0.44,5,0.55,1,0.11,9,0.98,9-28-08,14:43:30,9-28-08,14:43:30
41722,Ottnang am Hausruck           ,3051,2368,77.61,100,4.22,2268,95.78,743,32.76,537,23.68,141,6.22,515,22.71,214,9.44,38,1.68,16,0.71,16,0.71,30,1.32,0,0.00,18,0.79,9-28-08,17:08:27,9-28-08,17:08:27
41723,Pfaffing                      ,1077,876,81.34,30,3.42,846,96.58,225,26.60,213,25.18,56,6.62,225,26.60,91,10.76,7,0.83,7,0.83,1,0.12,12,1.42,1,0.12,8,0.95,9-28-08,18:09:20,9-28-08,18:09:20
41724,Pilsbach                      ,499,425,85.17,13,3.06,412,96.94,104,25.24,159,38.59,36,8.74,67,16.26,32,7.77,1,0.24,2,0.49,0,0.00,3,0.73,0,0.00,8,1.94,9-28-08,15:49:15,9-28-08,15:49:15
41725,Pitzenberg                    ,402,289,71.89,6,2.08,283,97.92,66,23.32,80,28.27,21,7.42,79,27.92,22,7.77,4,1.41,3,1.06,2,0.71,4,1.41,1,0.35,1,0.35,9-28-08,16:33:20,9-28-08,16:33:20
41726,Pöndorf                       ,1823,1433,78.61,62,4.33,1371,95.67,356,25.97,440,32.09,64,4.67,329,24.00,131,9.56,6,0.44,8,0.58,5,0.36,7,0.51,2,0.15,23,1.68,9-28-08,16:29:46,9-28-08,16:29:46
41727,Puchkirchen am Trattberg      ,753,603,80.08,19,3.15,584,96.85,120,20.55,198,33.90,62,10.62,124,21.23,40,6.85,5,0.86,10,1.71,4,0.68,11,1.88,0,0.00,10,1.71,9-28-08,18:53:31,9-28-08,18:53:31
41728,Pühret                        ,472,393,83.26,15,3.82,378,96.18,80,21.16,137,36.24,32,8.47,93,24.60,21,5.56,3,0.79,4,1.06,1,0.26,4,1.06,0,0.00,3,0.79,9-28-08,16:32:34,9-28-08,16:32:34
41729,Redleiten                     ,381,293,76.90,5,1.71,288,98.29,75,26.04,90,31.25,7,2.43,72,25.00,33,11.46,6,2.08,2,0.69,0,0.00,0,0.00,0,0.00,3,1.04,9-28-08,14:05:25,9-28-08,14:05:25
41730,Redlham                       ,1115,882,79.10,35,3.97,847,96.03,255,30.11,246,29.04,74,8.74,182,21.49,55,6.49,9,1.06,6,0.71,6,0.71,5,0.59,0,0.00,9,1.06,9-28-08,15:59:53,9-28-08,15:59:53
41731,Regau                         ,4683,3701,79.03,117,3.16,3584,96.84,1084,30.25,755,21.07,304,8.48,847,23.63,408,11.38,45,1.26,24,0.67,25,0.70,50,1.40,0,0.00,42,1.17,9-28-08,18:09:58,9-28-08,18:09:58
41732,Rüstorf                       ,1573,1211,76.99,37,3.06,1174,96.94,388,33.05,254,21.64,96,8.18,299,25.47,90,7.67,7,0.60,12,1.02,5,0.43,13,1.11,0,0.00,10,0.85,9-28-08,17:10:48,9-28-08,17:10:48
41733,Rutzenham                     ,202,175,86.63,7,4.00,168,96.00,16,9.52,63,37.50,35,20.83,34,20.24,4,2.38,3,1.79,1,0.60,5,2.98,5,2.98,0,0.00,2,1.19,9-28-08,16:31:49,9-28-08,16:31:49
41734,St.Georgen im Attergau        ,2980,2233,74.93,65,2.91,2168,97.09,398,18.36,589,27.17,137,6.32,701,32.33,213,9.82,33,1.52,18,0.83,21,0.97,37,1.71,0,0.00,21,0.97,9-28-08,18:10:40,9-28-08,18:10:40
41735,St.Lorenz                     ,1637,1215,74.22,33,2.72,1182,97.28,178,15.06,485,41.03,120,10.15,182,15.40,154,13.03,10,0.85,29,2.45,5,0.42,1,0.08,0,0.00,18,1.52,9-28-08,16:28:39,9-28-08,16:28:39
41736,Schlatt                       ,1025,791,77.17,31,3.92,760,96.08,198,26.05,218,28.68,53,6.97,150,19.74,93,12.24,12,1.58,7,0.92,6,0.79,15,1.97,0,0.00,8,1.05,9-28-08,14:37:27,9-28-08,14:37:27
41737,Schörfling am Attersee        ,2584,1927,74.57,48,2.49,1879,97.51,543,28.90,395,21.02,204,10.86,476,25.33,192,10.22,14,0.75,25,1.33,12,0.64,9,0.48,0,0.00,9,0.48,9-28-08,18:11:53,9-28-08,18:11:53
41738,Schwanenstadt                 ,3045,2254,74.02,37,1.64,2217,98.36,680,30.67,487,21.97,237,10.69,505,22.78,207,9.34,21,0.95,25,1.13,13,0.59,21,0.95,0,0.00,21,0.95,9-28-08,18:15:38,9-28-08,18:16:10
41739,Seewalchen am Attersee        ,4134,3035,73.42,88,2.90,2947,97.10,839,28.47,636,21.58,300,10.18,754,25.59,255,8.65,37,1.26,43,1.46,25,0.85,26,0.88,1,0.03,31,1.05,9-28-08,17:09:36,9-28-08,17:09:36
41740,Steinbach am Attersee         ,682,521,76.39,16,3.07,505,96.93,120,23.76,193,38.22,37,7.33,79,15.64,56,11.09,8,1.58,8,1.58,0,0.00,0,0.00,0,0.00,4,0.79,9-28-08,15:50:14,9-28-08,15:50:14
41741,Straß im Attergau             ,1114,826,74.15,33,4.00,793,96.00,127,16.02,277,34.93,40,5.04,233,29.38,82,10.34,14,1.77,3,0.38,4,0.50,6,0.76,1,0.13,6,0.76,9-28-08,17:05:34,9-28-08,17:05:34
41742,Tiefgraben                    ,2667,1985,74.43,75,3.78,1910,96.22,324,16.96,711,37.23,169,8.85,377,19.74,237,12.41,17,0.89,25,1.31,5,0.26,8,0.42,2,0.10,35,1.83,9-28-08,16:21:53,9-28-08,16:21:53
41743,Timelkam                      ,4552,3607,79.24,116,3.22,3491,96.78,1255,35.95,591,16.93,326,9.34,812,23.26,341,9.77,41,1.17,39,1.12,20,0.57,30,0.86,1,0.03,35,1.00,9-28-08,18:32:07,9-28-08,18:32:07
41744,Ungenach                      ,1104,918,83.15,31,3.38,887,96.62,137,15.45,365,41.15,84,9.47,193,21.76,73,8.23,6,0.68,6,0.68,3,0.34,12,1.35,0,0.00,8,0.90,9-28-08,16:38:27,9-28-08,16:38:27
41745,Unterach am Attersee          ,1119,770,68.81,17,2.21,753,97.79,209,27.76,236,31.34,75,9.96,115,15.27,71,9.43,8,1.06,11,1.46,11,1.46,4,0.53,0,0.00,13,1.73,9-28-08,17:02:06,9-28-08,17:02:06
41746,Vöcklabruck                   ,9144,6508,71.17,164,2.52,6344,97.48,1909,30.09,1394,21.97,847,13.35,1267,19.97,559,8.81,65,1.02,121,1.91,46,0.73,84,1.32,2,0.03,50,0.79,9-28-08,17:13:04,9-28-08,20:34:46
41747,Vöcklamarkt                   ,3621,2808,77.55,96,3.42,2712,96.58,674,24.85,831,30.64,210,7.74,644,23.75,230,8.48,39,1.44,21,0.77,15,0.55,27,1.00,0,0.00,21,0.77,9-28-08,17:12:16,9-28-08,17:12:16
41748,Weißenkirchen im Attergau     ,754,595,78.91,29,4.87,566,95.13,84,14.84,234,41.34,30,5.30,130,22.97,50,8.83,7,1.24,4,0.71,1,0.18,22,3.89,0,0.00,4,0.71,9-28-08,14:33:19,9-28-08,14:33:19
41749,Weyregg am Attersee           ,1256,896,71.34,24,2.68,872,97.32,212,24.31,285,32.68,83,9.52,170,19.50,82,9.40,17,1.95,6,0.69,3,0.34,7,0.80,0,0.00,7,0.80,9-28-08,18:30:22,9-28-08,18:30:22
41750,Wolfsegg am Hausruck          ,1586,1191,75.09,40,3.36,1151,96.64,391,33.97,238,20.68,108,9.38,269,23.37,87,7.56,19,1.65,6,0.52,20,1.74,6,0.52,1,0.09,6,0.52,9-28-08,16:37:38,9-28-08,16:37:38
41751,Zell am Moos                  ,1128,868,76.95,41,4.72,827,95.28,115,13.91,343,41.48,84,10.16,140,16.93,97,11.73,15,1.81,3,0.36,1,0.12,12,1.45,0,0.00,17,2.06,9-28-08,17:01:25,9-28-08,17:01:25
41752,Zell am Pettenfirst           ,920,743,80.76,29,3.90,714,96.10,168,23.53,227,31.79,84,11.76,133,18.63,62,8.68,12,1.68,10,1.40,7,0.98,6,0.84,0,0.00,5,0.70,9-28-08,16:00:40,9-28-08,16:00:40
41799,Wahlkarten Vöcklabruck                   ,0,6079,0.00,142,2.34,5937,97.66,1341,22.59,1918,32.31,938,15.80,925,15.58,410,6.91,69,1.16,145,2.44,45,0.76,75,1.26,2,0.03,69,1.16,9-30-08,18:44:35,10-06-08,15:45:36
41800,Bezirk Wels-Land                     ,51175,42943,83.91,1054,2.45,41889,97.55,12380,29.55,10663,25.46,3561,8.50,9039,21.58,4401,10.51,373,0.89,476,1.14,202,0.48,313,0.75,15,0.04,466,1.11,9-28-08,19:30:23,10-06-08,15:22:15
41801,Aichkirchen                   ,415,348,83.86,9,2.59,339,97.41,41,12.09,149,43.95,15,4.42,94,27.73,29,8.55,4,1.18,1,0.29,1,0.29,0,0.00,0,0.00,5,1.47,9-28-08,12:14:15,9-28-08,12:29:44
41802,Bachmanning                   ,458,376,82.10,12,3.19,364,96.81,86,23.63,107,29.40,26,7.14,69,18.96,47,12.91,7,1.92,0,0.00,0,0.00,18,4.95,0,0.00,4,1.10,9-28-08,13:03:20,9-28-08,13:03:20
41803,Bad Wimsbach-Neydharting      ,1896,1523,80.33,57,3.74,1466,96.26,408,27.83,509,34.72,86,5.87,279,19.03,139,9.48,10,0.68,11,0.75,8,0.55,8,0.55,0,0.00,8,0.55,9-28-08,15:32:21,9-28-08,18:48:44
41804,Buchkirchen                   ,2995,2435,81.30,48,1.97,2387,98.03,830,34.77,528,22.12,208,8.71,480,20.11,229,9.59,22,0.92,23,0.96,15,0.63,29,1.21,0,0.00,23,0.96,9-28-08,17:29:00,9-28-08,17:29:00
41805,Eberstalzell                  ,1769,1430,80.84,37,2.59,1393,97.41,187,13.42,583,41.85,96,6.89,337,24.19,145,10.41,5,0.36,6,0.43,8,0.57,17,1.22,0,0.00,9,0.65,9-28-08,14:53:43,9-28-08,14:53:43
41806,Edt bei Lambach               ,1628,1265,77.70,22,1.74,1243,98.26,355,28.56,334,26.87,84,6.76,293,23.57,138,11.10,7,0.56,11,0.88,1,0.08,6,0.48,0,0.00,14,1.13,9-28-08,14:19:14,9-28-08,14:19:14
41807,Fischlham                     ,1056,892,84.47,14,1.57,878,98.43,214,24.37,338,38.50,53,6.04,165,18.79,75,8.54,8,0.91,7,0.80,4,0.46,3,0.34,1,0.11,10,1.14,9-28-08,15:04:49,9-28-08,15:04:49
41808,Gunskirchen                   ,4325,3423,79.14,71,2.07,3352,97.93,978,29.18,742,22.14,260,7.76,783,23.36,413,12.32,32,0.95,40,1.19,13,0.39,23,0.69,0,0.00,68,2.03,9-28-08,17:59:39,9-28-08,17:59:39
41809,Holzhausen                    ,564,446,79.08,13,2.91,433,97.09,128,29.56,131,30.25,28,6.47,86,19.86,44,10.16,2,0.46,7,1.62,3,0.69,2,0.46,0,0.00,2,0.46,9-28-08,13:02:12,9-28-08,13:02:12
41810,Krenglbach                    ,2351,1930,82.09,51,2.64,1879,97.36,630,33.53,422,22.46,173,9.21,375,19.96,210,11.18,8,0.43,29,1.54,9,0.48,10,0.53,1,0.05,12,0.64,9-28-08,17:13:34,9-28-08,17:13:34
41811,Lambach                       ,2443,1751,71.67,34,1.94,1717,98.06,546,31.80,369,21.49,169,9.84,380,22.13,177,10.31,17,0.99,12,0.70,10,0.58,14,0.82,1,0.06,22,1.28,9-28-08,16:51:31,9-28-08,16:51:31
41812,Marchtrenk                    ,8964,6948,77.51,183,2.63,6765,97.37,2803,41.43,958,14.16,509,7.52,1468,21.70,732,10.82,63,0.93,79,1.17,39,0.58,36,0.53,4,0.06,74,1.09,9-28-08,19:30:23,9-28-08,19:47:04
41813,Neukirchen bei Lambach        ,701,596,85.02,25,4.19,571,95.81,111,19.44,220,38.53,31,5.43,137,23.99,45,7.88,5,0.88,6,1.05,6,1.05,0,0.00,0,0.00,10,1.75,9-28-08,13:46:40,9-28-08,13:46:40
41814,Offenhausen                   ,1225,978,79.84,30,3.07,948,96.93,185,19.51,293,30.91,67,7.07,230,24.26,130,13.71,11,1.16,10,1.05,2,0.21,9,0.95,0,0.00,11,1.16,9-28-08,15:34:11,9-28-08,15:34:11
41815,Pennewang                     ,707,553,78.22,15,2.71,538,97.29,83,15.43,220,40.89,56,10.41,94,17.47,58,10.78,8,1.49,4,0.74,0,0.00,7,1.30,0,0.00,8,1.49,9-28-08,14:13:08,9-28-08,14:13:08
41816,Pichl bei Wels                ,2071,1691,81.65,57,3.37,1634,96.63,400,24.48,493,30.17,143,8.75,338,20.69,178,10.89,16,0.98,19,1.16,9,0.55,14,0.86,0,0.00,24,1.47,9-28-08,15:50:53,9-28-08,15:50:53
41817,Sattledt                      ,1781,1429,80.24,28,1.96,1401,98.04,384,27.41,461,32.91,67,4.78,302,21.56,123,8.78,12,0.86,17,1.21,5,0.36,16,1.14,0,0.00,14,1.00,9-28-08,15:43:30,9-28-08,15:43:30
41818,Schleißheim                   ,876,719,82.08,23,3.20,696,96.80,159,22.84,187,26.87,74,10.63,138,19.83,106,15.23,7,1.01,10,1.44,0,0.00,5,0.72,0,0.00,10,1.44,9-28-08,16:38:55,9-28-08,16:38:55
41819,Sipbachzell                   ,1389,1119,80.56,20,1.79,1099,98.21,224,20.38,395,35.94,76,6.92,227,20.66,122,11.10,12,1.09,12,1.09,4,0.36,11,1.00,0,0.00,16,1.46,9-28-08,16:55:53,9-28-08,16:55:53
41820,Stadl-Paura                   ,3705,2682,72.39,65,2.42,2617,97.58,993,37.94,339,12.95,200,7.64,721,27.55,264,10.09,24,0.92,18,0.69,20,0.76,13,0.50,2,0.08,23,0.88,9-28-08,16:48:12,9-28-08,16:48:12
41821,Steinerkirchen an der Traun   ,1807,1465,81.07,52,3.55,1413,96.45,245,17.34,622,44.02,101,7.15,247,17.48,144,10.19,8,0.57,11,0.78,8,0.57,8,0.57,0,0.00,19,1.34,9-28-08,14:25:33,9-28-08,14:25:33
41822,Steinhaus                     ,1500,1250,83.33,37,2.96,1213,97.04,246,20.28,342,28.19,73,6.02,416,34.30,104,8.57,7,0.58,11,0.91,3,0.25,4,0.33,0,0.00,7,0.58,9-28-08,16:35:31,9-28-08,16:35:31
41823,Thalheim bei Wels             ,4189,3171,75.70,63,1.99,3108,98.01,864,27.80,774,24.90,418,13.45,569,18.31,331,10.65,26,0.84,57,1.83,14,0.45,22,0.71,5,0.16,28,0.90,9-28-08,16:15:09,9-28-08,16:15:09
41824,Weißkirchen an der Traun      ,2360,1886,79.92,33,1.75,1853,98.25,643,34.70,415,22.40,171,9.23,372,20.08,183,9.88,19,1.03,17,0.92,11,0.59,13,0.70,0,0.00,9,0.49,9-28-08,17:09:31,9-28-08,17:09:31
41899,Wahlkarten Wels-Land                     ,0,2637,0.00,55,2.09,2582,97.91,637,24.67,732,28.35,377,14.60,439,17.00,235,9.10,33,1.28,58,2.25,9,0.35,25,0.97,1,0.04,36,1.39,9-30-08,18:15:14,10-06-08,15:22:15
,,,,,,,,,,,,,,,,,,,,,,,,,,,,,,,,,,
,,,,,,,,,,,,,,,,,,,,,,,,,,,,,,,,,,
,,,,,,,,,,,,,,,,,,,,,,,,,,,,,,,,,,
,,,,,,,,,,,,,,,,,,,,,,,,,,,,,,,,,,
,,,,,,,,,,,,,,,,,,,,,,,,,,,,,,,,,,
,,,,,,,,,,,,,,,,,,,,,,,,,,,,,,,,,,
,,,,,,,,,,,,,,,,,,,,,,,,,,,,,,,,,,
,,,,,,,,,,,,,,,,,,,,,,,,,,,,,,,,,,
,,,,,,,,,,,,,,,,,,,,,,,,,,,,,,,,,,
,,,,,,,,,,,,,,,,,,,,,,,,,,,,,,,,,,
,,,,,,,,,,,,,,,,,,,,,,,,,,,,,,,,,,
,,,,,,,,,,,,,,,,,,,,,,,,,,,,,,,,,,
,,,,,,,,,,,,,,,,,,,,,,,,,,,,,,,,,,
,,,,,,,,,,,,,,,,,,,,,,,,,,,,,,,,,,
,,,,,,,,,,,,,,,,,,,,,,,,,,,,,,,,,,
,,,,,,,,,,,,,,,,,,,,,,,,,,,,,,,,,,
,,,,,,,,,,,,,,,,,,,,,,,,,,,,,,,,,,
,,,,,,,,,,,,,,,,,,,,,,,,,,,,,,,,,,
,,,,,,,,,,,,,,,,,,,,,,,,,,,,,,,,,,
,,,,,,,,,,,,,,,,,,,,,,,,,,,,,,,,,,
,,,,,,,,,,,,,,,,,,,,,,,,,,,,,,,,,,
,,,,,,,,,,,,,,,,,,,,,,,,,,,,,,,,,,
,,,,,,,,,,,,,,,,,,,,,,,,,,,,,,,,,,
,,,,,,,,,,,,,,,,,,,,,,,,,,,,,,,,,,
,,,,,,,,,,,,,,,,,,,,,,,,,,,,,,,,,,
,,,,,,,,,,,,,,,,,,,,,,,,,,,,,,,,,,
,,,,,,,,,,,,,,,,,,,,,,,,,,,,,,,,,,
,,,,,,,,,,,,,,,,,,,,,,,,,,,,,,,,,,
,,,,,,,,,,,,,,,,,,,,,,,,,,,,,,,,,,
,,,,,,,,,,,,,,,,,,,,,,,,,,,,,,,,,,
,,,,,,,,,,,,,,,,,,,,,,,,,,,,,,,,,,
,,,,,,,,,,,,,,,,,,,,,,,,,,,,,,,,,,
,,,,,,,,,,,,,,,,,,,,,,,,,,,,,,,,,,
,,,,,,,,,,,,,,,,,,,,,,,,,,,,,,,,,,
,,,,,,,,,,,,,,,,,,,,,,,,,,,,,,,,,,
,,,,,,,,,,,,,,,,,,,,,,,,,,,,,,,,,,
,,,,,,,,,,,,,,,,,,,,,,,,,,,,,,,,,,
,,,,,,,,,,,,,,,,,,,,,,,,,,,,,,,,,,
,,,,,,,,,,,,,,,,,,,,,,,,,,,,,,,,,,
,,,,,,,,,,,,,,,,,,,,,,,,,,,,,,,,,,
,,,,,,,,,,,,,,,,,,,,,,,,,,,,,,,,,,
,,,,,,,,,,,,,,,,,,,,,,,,,,,,,,,,,,
,,,,,,,,,,,,,,,,,,,,,,,,,,,,,,,,,,
,,,,,,,,,,,,,,,,,,,,,,,,,,,,,,,,,,
,,,,,,,,,,,,,,,,,,,,,,,,,,,,,,,,,,
,,,,,,,,,,,,,,,,,,,,,,,,,,,,,,,,,,
